draw,model_total_net_r,baseline_total_net_r,delta_total_net_r
0,-345.33945819129815,-5675.6448726770395,5330.3054144857415
1,-376.56067909587796,-5054.054331319157,4677.493652223279
2,-296.64997469412657,-5245.867454967165,4949.217480273039
3,-411.17895568010044,-5237.37970813734,4826.200752457239
4,-313.1780305164164,-5171.092970475657,4857.914939959241
5,-223.0063813602226,-5160.255054267841,4937.248672907618
6,-257.12995879982805,-5472.187834740562,5215.0578759407335
7,-348.52928665973934,-5088.450875760648,4739.921589100909
8,-262.8847384456332,-5133.586728606501,4870.701990160868
9,-323.84606763677976,-4864.780384402024,4540.934316765244
10,-232.0433993820497,-5029.8674230452825,4797.824023663233
11,-365.63354289804533,-5570.025877903574,5204.392335005528
12,-326.3914382657214,-5433.230721552943,5106.839283287221
13,-340.54934593320803,-5596.977511492212,5256.428165559004
14,-445.0194430986685,-5164.465585975778,4719.446142877109
15,-165.63768251033002,-5656.265399233969,5490.627716723639
16,-331.62974872129905,-5192.199222982568,4860.5694742612695
17,-280.8854564790721,-5327.612525568304,5046.727069089232
18,-409.047735947641,-5377.014961549833,4967.967225602192
19,-278.8606752238742,-4948.7970775242275,4669.936402300354
20,-345.99947428113757,-5414.685706324123,5068.6862320429855
21,-263.65387009988825,-5119.077471139918,4855.42360104003
22,-357.5111375351142,-5019.746077269109,4662.234939733995
23,-356.85601190449916,-5140.742365194772,4783.886353290272
24,-315.37427683270727,-5326.367562771442,5010.9932859387345
25,-426.39859229293745,-4817.54958919788,4391.150996904942
26,-369.7591982986207,-4942.130830249297,4572.371631950677
27,-333.37860018231,-5114.346887268315,4780.968287086005
28,-467.34383262567513,-5507.666259945495,5040.322427319819
29,-354.6622157869205,-5063.07892975101,4708.4167139640895
30,-409.1803803726094,-5192.778748556581,4783.598368183972
31,-279.7183708767615,-5359.938111502507,5080.2197406257455
32,-349.15138993686776,-5233.02263803999,4883.8712481031225
33,-385.04258623304446,-5282.268991654467,4897.226405421422
34,-319.0656149324379,-5165.369092060934,4846.3034771284965
35,-231.8059873313785,-5075.761407064935,4843.9554197335565
36,-323.47628721910354,-5648.124495975035,5324.648208755932
37,-393.79936840945277,-5071.579940332534,4677.780571923081
38,-361.043415996367,-5281.799380461399,4920.755964465032
39,-432.503946838182,-5253.53662051766,4821.032673679478
40,-420.26248833127016,-5087.533056527154,4667.270568195884
41,-394.75221588437773,-5379.568569884974,4984.816354000596
42,-324.3739783724885,-4867.031757116161,4542.657778743673
43,-373.3192225237819,-5314.069062496545,4940.749839972763
44,-378.1390025551153,-5399.496069642847,5021.357067087732
45,-367.8442947114973,-5198.676222071672,4830.831927360175
46,-327.6096880950135,-5348.546012457992,5020.936324362979
47,-336.40455542664154,-5060.468251989472,4724.063696562831
48,-320.54518946713927,-5275.227874378979,4954.68268491184
49,-364.70041238861427,-5179.110537295719,4814.410124907105
50,-389.4755983634805,-4837.610235691481,4448.134637328
51,-312.6737339785789,-5220.481508734414,4907.807774755835
52,-399.9713233441531,-5325.837949765394,4925.866626421241
53,-304.83049478862847,-5228.075272694683,4923.244777906055
54,-322.23750802425377,-5479.68579213117,5157.448284106917
55,-342.93185481862815,-5157.624146810433,4814.692291991804
56,-376.01363084133953,-5323.583080705593,4947.569449864253
57,-393.12619209760703,-5439.324840256414,5046.198648158807
58,-299.64527323270823,-5205.803965305742,4906.158692073034
59,-305.4871753963746,-5150.878632024089,4845.391456627714
60,-304.56297137765887,-5074.745187667745,4770.182216290086
61,-399.46218683016303,-5274.727788783547,4875.265601953384
62,-344.9627167839574,-5075.13788395377,4730.175167169813
63,-359.3722356537845,-5157.641172232261,4798.268936578476
64,-470.8532993151343,-5154.289600610503,4683.436301295369
65,-293.21032003320147,-4946.315438178288,4653.105118145087
66,-343.39514544883343,-5234.805705279772,4891.410559830939
67,-346.6463862207585,-5110.207242753303,4763.560856532545
68,-409.44488923513256,-5515.597386302525,5106.152497067392
69,-286.85662520948296,-5191.577878917443,4904.7212537079595
70,-439.90220413894946,-5472.862721783665,5032.960517644715
71,-320.33525158952176,-5188.8316738207295,4868.496422231207
72,-327.7227379812774,-5062.831688878222,4735.108950896944
73,-333.11512462406,-5093.077929806731,4759.962805182671
74,-225.1870359610537,-5251.875703799008,5026.688667837954
75,-385.09208519033933,-5386.563246125781,5001.471160935442
76,-416.76976687836753,-5276.022926924927,4859.253160046559
77,-397.94974436254387,-5350.619405090062,4952.669660727518
78,-288.16835368678113,-5217.248588211965,4929.080234525184
79,-349.32649188889457,-5172.4418147669885,4823.115322878094
80,-330.6917079776439,-5335.000680251176,5004.308972273532
81,-453.32793795426414,-5200.624895001534,4747.296957047271
82,-327.64986270885765,-5197.2459828758,4869.5961201669425
83,-333.837859666909,-4964.753464569011,4630.915604902102
84,-370.94884771287076,-5410.1818384103035,5039.232990697433
85,-347.93454586043197,-5397.451553576918,5049.517007716486
86,-324.497779217863,-5287.904473956937,4963.406694739074
87,-431.76981910955834,-5146.831035686186,4715.061216576627
88,-381.4071446762757,-5528.1957201078185,5146.788575431543
89,-359.2819391001333,-4990.3989352200115,4631.116996119878
90,-196.73695383851694,-5313.631261540929,5116.894307702411
91,-315.5698283531874,-5354.266006677972,5038.696178324784
92,-313.96988972076474,-5041.684579201953,4727.7146894811885
93,-365.7100783021895,-5225.954673407929,4860.244595105739
94,-305.82804205159505,-5313.420270388515,5007.59222833692
95,-358.62252414028654,-5226.62511519482,4868.002591054534
96,-380.7572198266609,-5133.585673912323,4752.828454085662
97,-326.5138191448736,-5211.881147529346,4885.367328384473
98,-225.88835431369895,-5213.018101318076,4987.129747004377
99,-270.28131005253624,-5423.192529323329,5152.911219270793
100,-332.23795377019314,-5467.3388932514445,5135.100939481252
101,-366.457747813097,-5299.989400334681,4933.531652521584
102,-273.7705011046884,-5170.933644101741,4897.163142997053
103,-310.7101135649373,-5320.477482805646,5009.767369240709
104,-394.53777411400836,-4986.87556829286,4592.337794178852
105,-313.39034266528864,-5612.926580919564,5299.536238254275
106,-423.2118522838323,-5054.215977269246,4631.004124985413
107,-334.64034868322705,-5051.331216513615,4716.690867830388
108,-444.7176158829376,-5379.554407991379,4934.836792108441
109,-374.37881839315475,-5179.186456350186,4804.807637957031
110,-386.4054256268464,-5219.800216042394,4833.3947904155475
111,-233.15841884023024,-5456.188324304746,5223.029905464516
112,-290.0428836232502,-4917.284720812021,4627.241837188771
113,-358.83081459456827,-5449.707289863497,5090.8764752689285
114,-372.5691233529804,-4945.939739676506,4573.370616323526
115,-319.0148331752403,-5304.559943433335,4985.545110258095
116,-358.11541677797993,-5084.6757199270605,4726.560303149081
117,-389.8463437992103,-5243.019545937529,4853.173202138319
118,-244.22169984387764,-4979.903281761742,4735.681581917864
119,-320.32077531805993,-5199.37075569833,4879.04998038027
120,-371.5837169040731,-5250.700774510469,4879.117057606396
121,-320.329755251461,-4837.673070387807,4517.343315136345
122,-251.5033761127841,-5211.676595364902,4960.173219252118
123,-437.6010049834841,-5356.598494112,4918.997489128516
124,-308.2779273842052,-5156.412878873101,4848.134951488896
125,-327.10522616722136,-5263.926458265436,4936.821232098215
126,-315.2495299052498,-5376.916898829489,5061.667368924239
127,-382.9266824834361,-5014.097832445425,4631.17114996199
128,-337.34875179179716,-4887.398934156603,4550.050182364806
129,-339.36232402275976,-5508.700702701082,5169.338378678322
130,-357.53792187775684,-5265.587873950131,4908.049952072374
131,-293.38384390644705,-5230.904700942907,4937.520857036459
132,-353.3928177670043,-5205.536658031889,4852.143840264885
133,-463.03761175639255,-5245.387168456741,4782.349556700348
134,-406.1941877285142,-5312.453912355333,4906.259724626819
135,-358.2530885198316,-5390.700622727291,5032.44753420746
136,-328.7118847937778,-5530.075032915082,5201.363148121304
137,-202.9401553092744,-5435.782001404879,5232.8418460956045
138,-281.931467678654,-5171.489703292575,4889.55823561392
139,-475.3457678000761,-5410.757430845522,4935.411663045446
140,-214.07963674320146,-5233.886770059023,5019.807133315821
141,-451.5351524885262,-5570.787614638213,5119.252462149687
142,-359.3051554961935,-5509.280417441282,5149.975261945088
143,-245.27487991146623,-5388.1232429308775,5142.848363019411
144,-331.8269977528718,-5125.0127794321625,4793.185781679291
145,-253.9364395851361,-5186.155064753863,4932.218625168727
146,-406.09110803116056,-5365.6523386774625,4959.561230646302
147,-267.3025858937166,-5173.780494459149,4906.477908565433
148,-345.5369497274216,-5247.621616746875,4902.084667019453
149,-296.35398918550254,-5293.692298219847,4997.338309034344
150,-369.86923835110787,-5453.415900338325,5083.546661987217
151,-325.86319625088504,-5352.702621627067,5026.839425376182
152,-395.30574111129425,-5569.192635638305,5173.886894527011
153,-362.43135846662665,-5150.060570564748,4787.629212098121
154,-389.7545279459621,-5022.177078479673,4632.422550533711
155,-271.70893569150184,-5125.494377862761,4853.785442171259
156,-259.136670116553,-4981.720085613615,4722.583415497062
157,-419.3162707337724,-4934.45862834151,4515.142357607738
158,-320.7722743263956,-5177.133823494215,4856.361549167819
159,-462.25180980833284,-5417.36980900341,4955.117999195078
160,-446.8669159954669,-5109.830757268832,4662.963841273365
161,-300.7427809477793,-5304.494520184041,5003.7517392362615
162,-401.65537496341796,-5356.957076153247,4955.301701189829
163,-339.2871228039261,-5131.139786581984,4791.852663778058
164,-303.7018909149173,-5385.107387528011,5081.405496613093
165,-347.03656090062844,-5182.89956816402,4835.863007263391
166,-454.53958218720356,-5226.9383918382655,4772.398809651062
167,-287.0102738419132,-5325.264640413975,5038.254366572062
168,-274.7384425797639,-5130.420243703766,4855.681801124002
169,-277.1811946506653,-5384.280111018009,5107.098916367344
170,-414.1705226839941,-5104.0211992327,4689.850676548706
171,-360.96115683106996,-5124.449707345046,4763.4885505139755
172,-365.17430204340866,-4920.7900734092555,4555.615771365847
173,-279.65671898739635,-5095.954227479045,4816.297508491648
174,-416.0169361907079,-5146.470981810632,4730.454045619924
175,-449.4328731008092,-5232.614143040291,4783.181269939482
176,-453.47664497283336,-5121.449651566294,4667.973006593461
177,-353.1603282166134,-5646.359780677603,5293.19945246099
178,-342.72510324415083,-5232.898286963248,4890.173183719097
179,-459.9772971255081,-5300.701851669334,4840.724554543826
180,-407.5081567236675,-5392.803794784829,4985.295638061161
181,-316.4972567590132,-5146.463837298264,4829.966580539251
182,-357.09219768836914,-4916.018476367004,4558.926278678635
183,-387.1576573352126,-5069.848365005378,4682.6907076701655
184,-409.43287151434436,-5202.490507098971,4793.057635584626
185,-376.5927269828556,-5461.456304999414,5084.863578016559
186,-294.2245516648163,-5523.382389275851,5229.157837611035
187,-329.2228877289481,-5094.462739417633,4765.239851688685
188,-364.3206680913377,-5070.696366652912,4706.375698561574
189,-430.73836770491357,-5131.763738925143,4701.025371220229
190,-333.64713408993236,-5324.27311552627,4990.6259814363375
191,-335.2625179715397,-5237.148832089744,4901.886314118205
192,-299.12588949761977,-5140.574849084837,4841.448959587217
193,-258.45292681094816,-4924.232008145787,4665.779081334839
194,-334.19059177341705,-5217.975431865847,4883.78484009243
195,-364.8750089330757,-5535.66470257403,5170.789693640954
196,-304.25195241965514,-5225.1946819256045,4920.9427295059495
197,-427.5983565975735,-5032.324906034291,4604.7265494367175
198,-350.4129903138049,-5255.828487775424,4905.415497461619
199,-270.28047381036646,-5328.128599024422,5057.8481252140555
200,-343.6152696990473,-4851.413025255628,4507.79775555658
201,-199.30502786616546,-4829.549031493347,4630.244003627181
202,-317.49260541084146,-5470.98984231425,5153.4972369034085
203,-295.61257263195364,-4928.486187845715,4632.873615213762
204,-328.81979163747206,-5427.179181059694,5098.359389422222
205,-392.9510026579698,-5192.772465643036,4799.821462985066
206,-341.9585008958614,-5326.269595406813,4984.311094510952
207,-320.47097124656193,-5363.778033930257,5043.307062683695
208,-312.3232945252605,-5163.264094646109,4850.9408001208485
209,-348.3246623537448,-5361.982912284825,5013.65824993108
210,-369.10060924230856,-5019.774066049387,4650.673456807079
211,-308.138575074048,-5125.215999049971,4817.077423975923
212,-333.3529458730809,-5248.809239795114,4915.456293922033
213,-297.31254471219574,-5330.152100450968,5032.839555738772
214,-347.7709618549382,-5196.981588034128,4849.2106261791905
215,-350.55343816575936,-5203.536726149535,4852.983287983776
216,-361.1892961519293,-5180.4900383980785,4819.300742246149
217,-265.1132837826883,-5501.273552556326,5236.160268773638
218,-398.72059947171306,-5432.843061674156,5034.122462202443
219,-344.420422950667,-5096.804276144362,4752.383853193695
220,-394.14516857294575,-4966.434174464187,4572.289005891242
221,-419.2670288183935,-5058.968649275032,4639.701620456638
222,-318.70038770939533,-5447.286181322031,5128.585793612635
223,-355.97171058948715,-5520.972820578621,5165.001109989134
224,-327.41204193190475,-5473.974430449152,5146.562388517247
225,-332.03859422055604,-5108.5175518265605,4776.478957606005
226,-233.53306288252006,-5165.211686217655,4931.678623335135
227,-232.84205596837464,-5039.299699425573,4806.457643457198
228,-345.069193695252,-5377.235096001688,5032.165902306437
229,-392.46973363075625,-5631.608967821841,5239.139234191085
230,-353.0133069852762,-5340.317476898624,4987.304169913347
231,-273.337012913951,-5115.774633524791,4842.43762061084
232,-327.5995632549502,-5281.281215694286,4953.681652439336
233,-421.2783201983226,-5198.83104878836,4777.552728590037
234,-437.34201831901333,-5357.569005086431,4920.226986767418
235,-323.88746351391296,-5000.895360627208,4677.007897113295
236,-298.2631173062797,-5376.510738877228,5078.247621570948
237,-220.41364881210288,-4890.595446848616,4670.181798036513
238,-421.58637110665427,-5415.63423948883,4994.047868382176
239,-347.3108843498641,-4940.002773637659,4592.691889287795
240,-348.64892822159953,-5147.2059054791835,4798.556977257584
241,-333.1023004310555,-5280.582315210844,4947.480014779789
242,-322.2831386707031,-5624.6689772603095,5302.3858385896065
243,-239.4609632124111,-5308.514437590338,5069.053474377927
244,-354.3910884073974,-5234.050990877763,4879.6599024703655
245,-343.69053624395025,-5220.829877409851,4877.139341165901
246,-445.9874328447771,-5184.9556285944445,4738.968195749668
247,-338.4932030653214,-5084.946439185858,4746.4532361205365
248,-349.19823127449797,-5012.518941185473,4663.320709910975
249,-331.4271982178684,-5089.10558712466,4757.678388906792
250,-324.6480416108819,-5408.085070775678,5083.4370291647965
251,-334.89039717907866,-5118.765544578473,4783.875147399394
252,-305.75877410196455,-5203.63588291885,4897.877108816886
253,-418.83543681778326,-5315.514463278187,4896.679026460403
254,-348.91238953105835,-5458.6696132494,5109.757223718341
255,-324.2724551378277,-5182.139977488804,4857.867522350976
256,-355.4409415940703,-5233.758263347831,4878.3173217537615
257,-310.4488489825184,-5022.494116837823,4712.045267855305
258,-403.85975820719096,-5411.029174303087,5007.169416095896
259,-344.3650906989869,-4992.731884405427,4648.36679370644
260,-423.5861187427429,-5347.9378083330175,4924.351689590275
261,-403.6890702340269,-4881.890198390559,4478.201128156532
262,-409.170959347876,-5243.663427009579,4834.492467661703
263,-386.1198433578568,-5153.126163532232,4767.006320174375
264,-484.97365674746806,-5644.161032752968,5159.1873760055
265,-291.70383900037285,-5498.9158333486275,5207.211994348255
266,-374.74046688495196,-5169.930298897577,4795.189832012625
267,-265.44457456232294,-5398.046477953293,5132.601903390971
268,-351.31628914148547,-5300.494234558445,4949.177945416959
269,-331.98694400682166,-5370.110797102572,5038.123853095751
270,-270.49272202623985,-4975.439028579016,4704.946306552776
271,-373.00937071515995,-5628.305956672096,5255.296585956936
272,-458.38112054854736,-5234.713434694936,4776.332314146389
273,-254.88966120543688,-5132.144774511339,4877.255113305902
274,-431.44974907955736,-5625.013496071849,5193.563746992291
275,-369.4787356107446,-5171.576395283809,4802.097659673064
276,-312.70757089322836,-4994.379546318578,4681.67197542535
277,-356.7359830165255,-5177.032574573211,4820.296591556686
278,-356.57554826692456,-5455.638204044811,5099.062655777886
279,-263.8235545850853,-5254.762336887327,4990.9387823022425
280,-338.7315950963979,-4982.353464433075,4643.621869336677
281,-386.8208211088383,-4743.800779544591,4356.979958435752
282,-294.0334357938275,-5254.1497929892,4960.116357195373
283,-377.5150047042457,-5466.760314665965,5089.24530996172
284,-380.7857439676109,-5155.717880962917,4774.932136995306
285,-358.9052720002504,-4951.819007593246,4592.913735592996
286,-346.5131804899447,-5007.9781452272455,4661.464964737301
287,-331.83373314522464,-5003.318961915753,4671.485228770528
288,-385.51366551096504,-5169.356232971972,4783.842567461006
289,-329.8404931626858,-5115.466585231411,4785.6260920687255
290,-435.5422590473872,-4939.638320774852,4504.096061727465
291,-201.27492061151793,-5302.093556681569,5100.818636070051
292,-295.04248088890466,-5172.876634599186,4877.8341537102815
293,-331.65865657004235,-5444.256384904032,5112.597728333989
294,-323.9624101708698,-5186.359296779604,4862.396886608734
295,-376.13167522495803,-5327.037209647144,4950.905534422186
296,-257.8091134079036,-5136.392538975505,4878.583425567602
297,-328.87329274979857,-5072.793374136765,4743.920081386967
298,-321.4297644983368,-4915.710260353905,4594.280495855568
299,-375.7222877016152,-5349.297758957696,4973.575471256081
300,-299.32230995278064,-5521.12328035519,5221.80097040241
301,-242.60721837180964,-5191.010361243283,4948.403142871473
302,-294.5388037006259,-5390.754827299394,5096.216023598768
303,-359.4848713137262,-5042.900550680512,4683.415679366786
304,-443.6479553226994,-5461.125959143954,5017.478003821255
305,-330.76711435243016,-5414.719481525167,5083.952367172737
306,-285.2745565770512,-5115.071621395174,4829.797064818123
307,-282.62816692188227,-5131.853159331279,4849.224992409397
308,-322.0075494519564,-5326.797051341754,5004.789501889798
309,-367.40160096693626,-5498.790727012562,5131.389126045626
310,-307.7618761328279,-5131.41133018567,4823.649454052842
311,-392.9208611799378,-5737.260045780694,5344.339184600756
312,-337.7852793529026,-5356.499353817584,5018.714074464681
313,-368.6270719618077,-5595.978979934182,5227.351907972374
314,-298.4263653071714,-5257.799900669252,4959.3735353620805
315,-364.61948187676734,-5082.3582933517055,4717.738811474938
316,-345.1146064623492,-5142.759690899068,4797.645084436719
317,-368.386404344486,-5154.923805576124,4786.537401231639
318,-319.56209875856763,-5287.83459168377,4968.272492925202
319,-351.42118437412427,-5193.223097583275,4841.801913209151
320,-392.65248867295224,-5110.526377038777,4717.873888365825
321,-259.89263056542995,-5009.862945353966,4749.970314788536
322,-363.64713273780353,-5537.291038904334,5173.64390616653
323,-359.9418174166253,-5346.291756846167,4986.349939429541
324,-336.2001331157129,-5305.698778529485,4969.4986454137725
325,-296.09898150384356,-5481.49308489249,5185.394103388646
326,-449.02997734684874,-5177.1268921977335,4728.096914850885
327,-279.6806099709508,-5320.316945892934,5040.636335921983
328,-403.1789552060535,-5293.5621687388375,4890.383213532784
329,-343.73174844852616,-5213.630449872808,4869.898701424281
330,-302.2095895451646,-5321.701828783345,5019.49223923818
331,-271.80136902743715,-5248.826558660101,4977.025189632664
332,-282.8720985265516,-5408.602747785849,5125.730649259297
333,-365.3843066384186,-5208.247431598079,4842.86312495966
334,-358.3894217152174,-5168.259142499862,4809.869720784644
335,-326.3576513648539,-5170.0733829488445,4843.71573158399
336,-304.3341588797298,-5110.067516257055,4805.733357377325
337,-260.2671271774244,-5446.880873930799,5186.6137467533745
338,-262.5441833445386,-5181.385983598694,4918.841800254156
339,-329.2935258578573,-5244.031992674591,4914.738466816733
340,-404.256511147405,-5016.211983375681,4611.9554722282755
341,-336.76257376344444,-5119.843445709817,4783.080871946373
342,-356.9838106339549,-5089.564005936655,4732.5801953027
343,-355.10065409547457,-5084.88184126971,4729.781187174235
344,-271.0673035211251,-5446.834702151589,5175.767398630464
345,-256.4106668218349,-5031.556627006364,4775.145960184529
346,-285.1027713962269,-5110.734626561904,4825.631855165678
347,-269.64294004945197,-5421.535970391695,5151.893030342243
348,-410.1023877444147,-5159.8397398760835,4749.737352131669
349,-292.69445297915183,-5300.542968959367,5007.848515980215
350,-389.8721850996299,-5096.388830195762,4706.516645096132
351,-378.4742981579807,-5059.1051580435405,4680.630859885559
352,-304.047828684053,-5267.922214623094,4963.8743859390415
353,-343.233175474226,-5212.567762548086,4869.334587073859
354,-259.39552743504527,-5067.093777160622,4807.698249725577
355,-355.82763087282143,-5445.033650560143,5089.206019687321
356,-325.6060542542162,-4884.300559157624,4558.6945049034075
357,-335.3981824431197,-4836.656753231806,4501.2585707886865
358,-210.6800838079472,-5068.895513593616,4858.215429785669
359,-372.75200194022443,-5390.619251579782,5017.8672496395575
360,-313.29744243848353,-5120.478456529252,4807.181014090768
361,-239.10033030754633,-5161.411610204102,4922.311279896555
362,-339.8952399975513,-5322.0509498210695,4982.155709823518
363,-386.97124161917674,-5448.634375418459,5061.663133799282
364,-293.91824502826984,-5369.392720981682,5075.474475953412
365,-342.442827646586,-4936.095871769296,4593.65304412271
366,-304.8375810522787,-5349.709163823488,5044.871582771209
367,-298.4400779271844,-5296.127082792465,4997.687004865281
368,-322.13000952404093,-5144.314583456075,4822.184573932033
369,-414.15889497600716,-5344.951621624936,4930.792726648929
370,-291.467413359911,-5349.905745459857,5058.438332099946
371,-276.2740795581902,-4935.911663046434,4659.637583488244
372,-256.5699260210916,-4570.712577167148,4314.142651146057
373,-323.5757998722403,-5064.591487670253,4741.015687798013
374,-387.3469406097012,-5286.858654949883,4899.511714340182
375,-399.9566605291206,-5037.867065107743,4637.910404578623
376,-308.50043208648367,-5183.451277190726,4874.950845104242
377,-447.93537684131144,-5260.183461571886,4812.248084730575
378,-368.4061190482231,-5282.89937057246,4914.493251524236
379,-316.3198597441313,-5314.119553038675,4997.799693294543
380,-388.1387729268072,-5179.992891925347,4791.85411899854
381,-325.77469720457157,-5228.622706932287,4902.848009727715
382,-401.209622898937,-5017.506203167384,4616.2965802684475
383,-332.4977260536456,-5161.14088950033,4828.643163446684
384,-445.8404707436283,-5242.41701701718,4796.576546273552
385,-427.1524921507094,-5384.87422940865,4957.72173725794
386,-357.4480020503072,-5562.460846286903,5205.012844236596
387,-394.409480932056,-5162.766860134814,4768.357379202758
388,-408.33865601134374,-4989.147559232336,4580.808903220992
389,-349.20027819900764,-5120.076731406271,4770.876453207264
390,-316.85363290363216,-5240.1432689472995,4923.289636043667
391,-310.79585548483595,-4976.850475123126,4666.05461963829
392,-501.6940461472067,-5214.758282525543,4713.064236378336
393,-365.2480136187451,-4964.064729197198,4598.816715578453
394,-352.5430990231244,-5022.696834150221,4670.153735127096
395,-388.9624745845174,-4974.5722904028,4585.609815818282
396,-322.1452211347493,-5268.0579601975205,4945.912739062771
397,-361.6885646489794,-5370.844725341055,5009.156160692076
398,-293.27517407103085,-5314.94948436795,5021.674310296919
399,-337.4497015458232,-5229.199574085851,4891.749872540028
400,-294.13196840142837,-5472.970746834249,5178.838778432821
401,-271.6709409467776,-5201.317944518632,4929.647003571855
402,-403.49022000708754,-5311.621529005954,4908.131308998866
403,-332.7419096781588,-5281.031246536927,4948.289336858768
404,-222.60373564015137,-5277.546138540023,5054.942402899872
405,-341.39790116785946,-5051.805705360001,4710.407804192142
406,-311.29562352492246,-5123.3125544744025,4812.01693094948
407,-371.4578776931353,-5324.538401922491,4953.080524229355
408,-461.4734975456977,-5325.650159827595,4864.176662281898
409,-348.47130248195015,-5162.035235972322,4813.563933490372
410,-364.7291312699028,-5495.177366074245,5130.448234804342
411,-416.4919934535064,-5408.852612185914,4992.360618732408
412,-322.8514572523644,-5430.286904598032,5107.435447345668
413,-352.09933882629485,-5295.14262687405,4943.043288047755
414,-380.7306891368066,-5446.687127844491,5065.956438707685
415,-392.3392267068845,-5096.513490910385,4704.174264203501
416,-415.4351804399232,-5543.6951906289405,5128.2600101890175
417,-371.5509595226853,-5429.783197913336,5058.232238390651
418,-430.2291681462052,-5099.618586209521,4669.389418063316
419,-361.54367585329226,-5224.436613647883,4862.892937794591
420,-387.3106492687312,-4980.222346293419,4592.911697024688
421,-319.2048265893282,-5561.107603905754,5241.902777316426
422,-315.6502996329237,-5303.935893024751,4988.285593391827
423,-200.51134323684033,-5344.103090128905,5143.591746892064
424,-367.7257003527762,-5376.839958639122,5009.114258286346
425,-344.0930415733824,-5162.0542247989715,4817.961183225589
426,-295.5176235675028,-5070.6519897957805,4775.134366228278
427,-347.44886779544424,-5308.17529764847,4960.726429853026
428,-338.63011048104585,-5695.525101359533,5356.894990878488
429,-417.2906561470354,-5286.839401992577,4869.548745845542
430,-353.1719168971039,-5070.691611614807,4717.519694717703
431,-230.82497228321571,-5130.574613859858,4899.749641576642
432,-359.5463464233862,-5718.511227527686,5358.9648811043
433,-277.2425867335283,-5458.329935899222,5181.087349165693
434,-294.85105534482926,-5327.325688460193,5032.474633115364
435,-356.88531850890934,-5083.5634881390115,4726.678169630102
436,-283.61022805150856,-5446.529586214573,5162.919358163064
437,-333.0247801023301,-5190.028389994878,4857.003609892548
438,-399.30805368003905,-5314.069095315402,4914.761041635363
439,-376.0932006729245,-5286.304003008939,4910.210802336014
440,-266.3529676487425,-4998.729121254892,4732.376153606149
441,-324.65581667604374,-5290.5215558267455,4965.865739150702
442,-353.2110183589763,-5321.4007504485735,4968.189732089597
443,-246.6919886920005,-5211.888441865966,4965.196453173966
444,-286.3386385319093,-5573.872751889633,5287.534113357724
445,-451.55251613731315,-5030.796949341528,4579.244433204214
446,-337.5973034586342,-5542.172516669167,5204.575213210533
447,-418.34247336397107,-5223.847037384712,4805.504564020741
448,-249.38083775559673,-5172.379198182322,4922.998360426725
449,-319.39809867597563,-4972.453802110273,4653.055703434297
450,-501.82519108004755,-5156.206252069022,4654.381060988975
451,-314.78777341891066,-4938.727186379132,4623.9394129602215
452,-380.7098613531482,-5023.309045003288,4642.59918365014
453,-316.0636492159383,-5176.000324362011,4859.936675146073
454,-361.7086252633103,-5122.424648719083,4760.716023455772
455,-283.81265411458185,-5312.222960542941,5028.410306428359
456,-358.6566568946832,-5143.055877072786,4784.399220178103
457,-448.53605495947653,-5244.273097884266,4795.737042924789
458,-364.68444609164874,-5263.9751664644455,4899.290720372796
459,-357.4228952070509,-5028.976287944981,4671.55339273793
460,-362.7289916776211,-4942.218877129173,4579.489885451552
461,-324.94205696572845,-5334.8300993253,5009.888042359571
462,-390.1162958524236,-5298.685707689654,4908.56941183723
463,-235.6614971293766,-5063.66558059971,4828.004083470333
464,-249.47954014697646,-5206.157357077209,4956.677816930232
465,-281.8576786148262,-5187.759562913146,4905.90188429832
466,-401.153124711141,-5230.192187816831,4829.039063105691
467,-345.5662982763992,-5124.699950772928,4779.133652496529
468,-325.4103431484899,-5515.490483496708,5190.080140348218
469,-334.7006648441403,-5110.498729331084,4775.798064486944
470,-365.520101906807,-5178.2245120096895,4812.704410102882
471,-361.25941194088927,-5164.652588209646,4803.393176268756
472,-317.052050777974,-5375.925782987669,5058.873732209695
473,-352.84582954111147,-5175.2153906423355,4822.3695611012245
474,-266.26012504708723,-5002.867583290696,4736.607458243609
475,-300.67631371251196,-5413.257648682764,5112.581334970252
476,-384.79217804593816,-5322.4391773670495,4937.646999321111
477,-388.41160601723954,-5155.240700815784,4766.829094798545
478,-374.95857038031943,-5071.420049094265,4696.461478713945
479,-359.5112460040511,-5014.12628591171,4654.615039907659
480,-250.73069817979297,-5231.668130160604,4980.937431980811
481,-415.36337885590234,-5429.352853285956,5013.989474430054
482,-407.31169307614635,-5219.282343590263,4811.970650514117
483,-400.46795390465496,-5439.01419882363,5038.546244918975
484,-415.7919370372196,-5138.8650784971405,4723.073141459921
485,-371.20246688169743,-5150.070593716284,4778.868126834586
486,-262.09279260145627,-5179.093670184408,4917.000877582952
487,-391.08393968444125,-5176.540959125551,4785.45701944111
488,-227.05379543816696,-5453.594381336421,5226.540585898254
489,-319.4723225316027,-4906.282193575853,4586.80987104425
490,-410.77587712353505,-5444.404343068958,5033.628465945423
491,-387.76988666108383,-5259.179986735405,4871.410100074321
492,-371.8442357043228,-5392.186755166509,5020.342519462186
493,-361.62919576951373,-5433.148163217688,5071.518967448174
494,-351.266489624714,-5183.736996674553,4832.4705070498385
495,-249.14275550752262,-5280.621655206056,5031.4788996985335
496,-385.89659608646036,-5459.24434676954,5073.3477506830795
497,-393.3934138931452,-5057.913606929005,4664.52019303586
498,-271.1776719380135,-4885.454050548555,4614.2763786105415
499,-430.798518557355,-5080.9497249777105,4650.151206420355
500,-347.98335284762794,-5201.791405519922,4853.808052672293
501,-355.7786824501678,-5135.339356946405,4779.560674496237
502,-258.3175076093373,-5323.238278839861,5064.920771230523
503,-466.30127447150966,-5408.896584376352,4942.595309904842
504,-357.75480681026306,-4853.809069814553,4496.05426300429
505,-275.3218596797139,-5228.168513969141,4952.846654289427
506,-327.3847223519134,-5179.853877944649,4852.469155592736
507,-333.43007441179986,-5220.3987387717,4886.9686643599
508,-348.9802669311136,-4997.825811779225,4648.845544848111
509,-370.5335052087739,-4992.265447012104,4621.73194180333
510,-286.5516479704778,-5280.157722890762,4993.606074920284
511,-317.44866301626666,-5205.635124159884,4888.186461143618
512,-468.84610771758355,-5236.526708738502,4767.680601020918
513,-439.37163235226006,-5276.527617652182,4837.155985299922
514,-334.4701135129774,-5231.887129297957,4897.417015784979
515,-338.18032843509945,-5106.06713252765,4767.88680409255
516,-316.464308630013,-5246.540295936002,4930.075987305989
517,-361.04231203593713,-5104.3927092019285,4743.350397165991
518,-349.42172418277147,-5136.344879368768,4786.923155185996
519,-349.3041616152512,-5001.981420744718,4652.677259129467
520,-352.86908634167065,-5376.7311383245415,5023.862051982871
521,-303.54884272470866,-5100.262406066023,4796.7135633413145
522,-343.40023818455194,-5086.324366363135,4742.924128178583
523,-433.2530291186603,-5341.124821701112,4907.871792582451
524,-331.14118065508336,-5047.323920111255,4716.1827394561715
525,-302.3966446068596,-5274.1394774404625,4971.742832833603
526,-440.5291984036123,-5062.49391009393,4621.964711690318
527,-402.7538926119349,-5194.539221741666,4791.785329129731
528,-382.0465347686565,-5157.668007228594,4775.621472459938
529,-353.1037603964061,-5286.942989361388,4933.839228964982
530,-418.38226833182927,-4757.628979966184,4339.246711634354
531,-263.1700581081779,-5420.841081204371,5157.6710230961935
532,-317.13920815641023,-4842.395002773847,4525.2557946174375
533,-300.40228920161593,-5680.693777192296,5380.29148799068
534,-457.92906962341254,-5534.459519688575,5076.530450065162
535,-268.07378642886175,-5273.945031512553,5005.871245083691
536,-373.310446874792,-5379.368502690686,5006.0580558158945
537,-426.03040082566827,-5334.350376693043,4908.3199758673745
538,-369.52198644302797,-5235.965124034027,4866.443137590999
539,-374.690476289044,-5278.538757667918,4903.848281378874
540,-268.6557402848742,-5168.442264381411,4899.7865240965375
541,-383.04992226997973,-5120.32933185839,4737.27940958841
542,-327.80901976380295,-5204.7344405519825,4876.9254207881795
543,-313.73262055245516,-5125.780432258436,4812.047811705981
544,-399.1190019907572,-4796.954381622432,4397.835379631675
545,-339.79823454582055,-5245.732115416494,4905.933880870673
546,-328.9646900776016,-5043.524020289281,4714.5593302116795
547,-261.55621512383044,-5262.696854799453,5001.140639675623
548,-378.40424535238253,-5496.328700093508,5117.924454741125
549,-291.70629380034666,-5109.0752351512065,4817.36894135086
550,-396.4858809878317,-5331.262045611264,4934.776164623432
551,-278.16707473111296,-5126.144661483858,4847.977586752745
552,-355.6555564083972,-5370.387217578164,5014.731661169767
553,-347.41062760149225,-5339.444675206772,4992.034047605281
554,-281.25136368118353,-5594.9006959120115,5313.649332230828
555,-341.75202830082776,-5179.380824313176,4837.628796012348
556,-300.22711147347326,-5177.732925837357,4877.5058143638835
557,-382.41606856890166,-5135.033072212589,4752.617003643687
558,-254.4415391439417,-5326.458712671688,5072.017173527746
559,-464.37559509687156,-5260.373123742079,4795.997528645207
560,-294.9278589933247,-5177.512178503546,4882.584319510222
561,-331.8102213788991,-5201.013756356133,4869.203534977234
562,-335.82511057142096,-5122.888199226439,4787.063088655018
563,-391.8072790210696,-5197.988758664676,4806.1814796436065
564,-274.3420187395695,-5385.944762244331,5111.602743504762
565,-280.37731527878555,-5076.3525485584905,4795.975233279705
566,-262.01116022044624,-5279.729460417652,5017.718300197206
567,-325.0207754595165,-5127.769060254674,4802.748284795157
568,-342.0619218328507,-5124.506277583678,4782.444355750827
569,-323.8206350470674,-5503.341928883243,5179.521293836176
570,-290.53982360941615,-5195.850426546269,4905.310602936853
571,-328.53962495881257,-5226.970660921818,4898.431035963005
572,-398.599429471721,-4898.08715814839,4499.487728676669
573,-278.27841402928226,-5139.636041515931,4861.357627486648
574,-322.1082942553843,-5116.531716236252,4794.423421980868
575,-408.07979920810556,-5305.973829374704,4897.894030166599
576,-341.3077673665717,-5188.493249217462,4847.18548185089
577,-412.01113410052096,-5485.6824431960895,5073.671309095568
578,-257.7476649647886,-5070.838574193972,4813.090909229183
579,-304.68629902896174,-5002.167019421693,4697.480720392731
580,-174.039931292528,-5456.031954280492,5281.9920229879635
581,-335.8087465415263,-5338.478423584151,5002.669677042624
582,-422.42116620522813,-5366.9008745106885,4944.47970830546
583,-241.31721684189165,-5455.12185407378,5213.804637231889
584,-312.3611903543854,-5381.771107720724,5069.409917366339
585,-328.7231659154591,-5050.773935684035,4722.050769768575
586,-427.92342570870983,-4980.1623873772,4552.2389616684895
587,-404.1619488655891,-5226.610868899245,4822.448920033657
588,-267.25515432011514,-5450.2969844908985,5183.041830170783
589,-314.32562432475964,-5339.358403230259,5025.032778905499
590,-329.16480206281557,-5253.082745393212,4923.917943330396
591,-482.59012740322106,-5210.920783996972,4728.330656593751
592,-338.4058341525779,-5188.5597611107905,4850.153926958213
593,-274.1790951575003,-4933.12828076081,4658.94918560331
594,-317.1475542049909,-4986.805561856579,4669.6580076515875
595,-331.42054723501207,-5324.733015980437,4993.312468745425
596,-313.6754873826065,-4970.185180203754,4656.509692821147
597,-372.4740974380997,-5190.332186842503,4817.8580894044035
598,-280.96796359057976,-5433.968079231353,5153.000115640773
599,-349.03279198639075,-5167.533800330118,4818.501008343726
600,-461.22245442490896,-5505.751857617491,5044.529403192581
601,-372.0178072855214,-5174.723765010537,4802.705957725016
602,-459.95652843923676,-5047.912551591169,4587.956023151933
603,-384.93419757864484,-5383.755287779998,4998.821090201353
604,-345.76654878287144,-5453.190213611019,5107.423664828148
605,-418.558916094692,-5301.42467895962,4882.865762864928
606,-338.80629568386524,-5223.5571817660075,4884.750886082143
607,-381.016531659437,-5039.832243634483,4658.815711975047
608,-398.5903611445262,-4969.136300468611,4570.545939324084
609,-382.8186484857966,-4971.863676600067,4589.04502811427
610,-347.8732794504776,-5391.228571553547,5043.35529210307
611,-342.39044154583974,-5479.596072567731,5137.205631021891
612,-225.13280256693463,-5088.39034168937,4863.257539122435
613,-369.7448941679766,-5430.624623046082,5060.879728878105
614,-345.4622166985628,-5098.8258001085,4753.363583409937
615,-326.59085687735046,-5190.3063529416795,4863.715496064329
616,-414.46203025343135,-5356.330732872687,4941.868702619256
617,-297.0239398781015,-4978.684690478257,4681.660750600156
618,-316.43342234114374,-5138.973911697768,4822.540489356625
619,-302.66127257386745,-5169.612798986697,4866.9515264128295
620,-398.2799146846192,-5171.33794409187,4773.058029407251
621,-308.5150142511191,-5194.379503828374,4885.864489577255
622,-438.03769787925347,-5182.019019199657,4743.981321320403
623,-467.7669956030631,-5242.011740437584,4774.244744834521
624,-429.7224395930956,-5132.375441592086,4702.6530019989905
625,-265.4964375170917,-5286.558870108676,5021.062432591584
626,-282.8907683781909,-5485.636624286508,5202.745855908317
627,-302.9806710726018,-5064.692271320226,4761.711600247624
628,-340.1816141140018,-5148.592080233864,4808.410466119863
629,-300.5434337732151,-5136.098079820115,4835.5546460469
630,-328.45733353854376,-5294.963293065906,4966.505959527362
631,-320.9704052898293,-5086.202572299894,4765.232167010065
632,-308.9325752394095,-5354.7623368219465,5045.829761582537
633,-292.50643730977475,-4938.451418120522,4645.944980810747
634,-280.8025659075118,-5364.601503335054,5083.798937427542
635,-197.18904908385144,-4984.202322528515,4787.013273444663
636,-315.30347361399765,-5073.739896909757,4758.436423295759
637,-322.6585146987123,-5134.531661892476,4811.8731471937635
638,-341.36080837723364,-5102.977314539685,4761.6165061624515
639,-357.5449291968599,-4707.662148192322,4350.117218995462
640,-431.31233433501905,-5135.150826600868,4703.838492265849
641,-384.76392979465555,-4917.85585185214,4533.091922057485
642,-362.8414162708861,-5219.566913324106,4856.72549705322
643,-375.97502085596824,-5291.755147843049,4915.780126987081
644,-314.3873325707059,-5052.612157825141,4738.224825254436
645,-298.43156405285583,-5693.028187705268,5394.596623652412
646,-378.0319182525088,-5318.395850554776,4940.363932302267
647,-308.6036523951879,-5491.838444026529,5183.234791631341
648,-260.0848504059774,-5300.825761252916,5040.740910846938
649,-389.17995490563857,-5020.287591473541,4631.107636567903
650,-390.7803203953001,-5199.082151347481,4808.301830952181
651,-275.73220459765577,-5135.51116083528,4859.778956237624
652,-340.3556381757021,-5195.650948043918,4855.295309868216
653,-309.94017308799084,-5581.517462852074,5271.577289764083
654,-265.3591546382711,-5385.799914780845,5120.440760142574
655,-320.4053204192031,-5677.830849457529,5357.425529038326
656,-346.10109155854747,-5231.813437978646,4885.712346420099
657,-221.81866381570123,-5150.864565087063,4929.045901271362
658,-279.93445069605303,-5131.608791547726,4851.674340851672
659,-356.3083938520489,-5255.338466007988,4899.03007215594
660,-354.97168475646686,-5219.997950725658,4865.026265969191
661,-361.97368860155717,-5709.178933219515,5347.205244617958
662,-328.3298299031482,-5196.531755873448,4868.201925970299
663,-250.9584924985661,-5399.119954543748,5148.161462045182
664,-382.99312668486675,-5296.757267386436,4913.764140701569
665,-296.57765101649136,-5143.741690514616,4847.164039498124
666,-350.65259590762383,-5135.611379501575,4784.958783593952
667,-308.07857829248456,-5102.991458668118,4794.912880375633
668,-376.9724811020736,-5537.423694611531,5160.451213509457
669,-306.3181206132102,-5083.6206871095665,4777.302566496356
670,-399.9811830872126,-5272.35041705112,4872.369233963907
671,-281.2150665467957,-5055.500887110461,4774.285820563666
672,-314.9582194587049,-5192.327065013618,4877.368845554914
673,-307.5693631874469,-5178.8532993552935,4871.283936167847
674,-373.2879843343785,-5430.502813020699,5057.214828686321
675,-392.74406553546675,-5404.911350867379,5012.167285331912
676,-426.2880974272682,-5208.745216440629,4782.45711901336
677,-349.5544349424706,-5298.233030627663,4948.678595685192
678,-317.3786647829717,-5347.002331167643,5029.623666384671
679,-432.3160457741203,-5220.827739017381,4788.51169324326
680,-327.0095361351891,-4911.9474615781255,4584.937925442937
681,-390.72176597372413,-5267.720830120257,4876.999064146533
682,-321.52147013932944,-5174.790919360477,4853.269449221148
683,-359.4496555409358,-5162.200243922187,4802.750588381251
684,-429.19324987815696,-5323.674073478,4894.480823599843
685,-309.83983292870397,-5126.652777680061,4816.8129447513575
686,-424.35700190729455,-5201.001343493804,4776.644341586509
687,-427.34178247121434,-5147.91394543992,4720.572162968706
688,-394.81936887407227,-5195.411855542278,4800.592486668206
689,-258.86910826467124,-5272.258009620651,5013.38890135598
690,-287.5438405605288,-5120.033366399715,4832.489525839186
691,-322.3750088478577,-5188.145947282997,4865.77093843514
692,-342.3618521042398,-5324.532535735265,4982.170683631025
693,-532.7159428468266,-5184.546318376171,4651.830375529345
694,-386.966029197089,-5041.216836277979,4654.250807080891
695,-339.66952990449033,-5131.005138186661,4791.33560828217
696,-380.21403813098954,-5421.768655540307,5041.554617409318
697,-362.00643912958776,-5312.649741091568,4950.64330196198
698,-439.40183790553215,-5197.3715901844425,4757.96975227891
699,-368.51021073771557,-5248.757640383507,4880.247429645792
700,-403.37225709778625,-4925.890361934132,4522.518104836346
701,-335.70559340097714,-5380.480035269221,5044.774441868244
702,-260.35027012523483,-5127.693892733994,4867.34362260876
703,-368.13288828967734,-5149.972438288248,4781.839549998571
704,-417.7272878456675,-5417.476956614106,4999.749668768438
705,-299.7533968330325,-5164.771025626741,4865.017628793708
706,-319.98742983679745,-5257.073080744389,4937.085650907591
707,-304.04174683049115,-5300.626617102512,4996.58487027202
708,-347.2657090151477,-5378.047695780958,5030.78198676581
709,-366.54097201619925,-5110.471344841722,4743.930372825524
710,-335.84775155373967,-5335.053607407307,4999.205855853567
711,-368.64615588922715,-4894.068997049657,4525.42284116043
712,-369.4453324379079,-5163.659404333918,4794.21407189601
713,-443.1563526686613,-5362.784765039191,4919.62841237053
714,-328.09062161191946,-5311.368942408022,4983.278320796103
715,-308.09283669611636,-5200.1789243676285,4892.086087671512
716,-333.29015104011955,-5022.969996090365,4689.679845050246
717,-314.91459174313553,-5014.099498207171,4699.1849064640355
718,-431.2523346939295,-5276.896253213484,4845.643918519554
719,-374.8929148058052,-5216.747725232681,4841.854810426876
720,-319.7582343763763,-5048.932627808052,4729.1743934316755
721,-361.29202480327496,-5152.35599405305,4791.063969249775
722,-308.74171861749295,-4899.944789678068,4591.203071060576
723,-286.67624609793006,-5172.125448724461,4885.449202626532
724,-500.5011648902706,-5066.847520806446,4566.346355916175
725,-360.4040927344884,-5129.4165488020335,4769.012456067545
726,-358.8093428699639,-5356.835934249199,4998.0265913792355
727,-353.8779696410402,-5395.114237783709,5041.236268142668
728,-411.9652485263943,-5375.295955125405,4963.330706599011
729,-330.823564300523,-5591.1015208939,5260.277956593377
730,-418.65064226720557,-5287.135136746232,4868.484494479027
731,-382.86071687869725,-5132.862017164168,4750.00130028547
732,-311.04060973244793,-5226.787892042231,4915.747282309783
733,-318.7259056658902,-4995.126429725459,4676.400524059569
734,-371.3224699786256,-5316.738579775128,4945.4161097965025
735,-299.3906247848237,-5273.590083379733,4974.19945859491
736,-334.29228632242524,-4962.587051677453,4628.294765355028
737,-496.0552391326795,-5509.705890687656,5013.650651554977
738,-321.99115156851,-4939.526525857354,4617.535374288844
739,-348.97353296922626,-5190.159129594044,4841.185596624818
740,-499.04746494167114,-5529.743859373146,5030.696394431475
741,-370.5143010800395,-5349.667729631217,4979.153428551178
742,-366.46279170465556,-4986.703512151544,4620.240720446888
743,-250.5853419738392,-5232.065546619123,4981.480204645283
744,-273.6966635590444,-5115.975785575568,4842.279122016524
745,-261.43885110456597,-5105.253395846282,4843.8145447417155
746,-314.9386011715978,-5094.014792598038,4779.07619142644
747,-365.0486868271518,-5271.044030891643,4905.995344064491
748,-298.34510386023976,-5360.200877460675,5061.855773600435
749,-323.54702874650457,-5444.043653364662,5120.4966246181575
750,-320.11149630239504,-4883.685389929004,4563.573893626609
751,-284.5003793942396,-5243.056104063806,4958.555724669566
752,-358.2089972177112,-5331.5325869594835,4973.323589741773
753,-238.0027147714119,-5180.034081954156,4942.031367182744
754,-355.2804739976369,-5057.77431715177,4702.493843154133
755,-287.86711192850396,-5235.319356575351,4947.452244646847
756,-242.77778903290778,-4990.769092115807,4747.991303082899
757,-345.6940190843,-5398.537108541403,5052.843089457103
758,-370.5764232894746,-5219.557991325366,4848.9815680358915
759,-253.58564875506795,-5166.286530622209,4912.700881867141
760,-325.4914453181393,-5639.587133400583,5314.095688082444
761,-360.4610467116066,-5600.286354583907,5239.825307872301
762,-348.9996660112318,-5170.9938111748315,4821.9941451636
763,-403.62163670030475,-4974.807493678679,4571.185856978374
764,-340.4861562727389,-5154.179070383173,4813.692914110434
765,-389.59021048848587,-5355.930741852449,4966.340531363962
766,-456.34983756446275,-5417.101711640853,4960.75187407639
767,-435.6210876499204,-5302.699722720003,4867.078635070082
768,-312.92750259673494,-5251.442104825684,4938.514602228948
769,-291.6076466725242,-5168.152438486637,4876.544791814113
770,-303.6650906510122,-4993.640430580962,4689.97533992995
771,-346.9925236120164,-5033.257254254404,4686.264730642388
772,-263.7448324013744,-5058.555615632804,4794.810783231429
773,-277.33009044338826,-5344.975740884557,5067.645650441169
774,-357.2753154153102,-5370.815626784088,5013.540311368777
775,-361.9438716377886,-5379.861752753802,5017.917881116013
776,-261.5275835774097,-5375.75535344566,5114.22776986825
777,-414.14727973746835,-5091.4395570939905,4677.292277356522
778,-313.07497526813484,-4831.221817361212,4518.146842093077
779,-287.85110937336395,-5112.102787869924,4824.25167849656
780,-253.4369399165683,-5357.481765041229,5104.044825124661
781,-376.8478254357342,-5140.998898332104,4764.151072896369
782,-267.49451998549074,-5027.51354446303,4760.019024477539
783,-233.11002921449114,-5038.830983962537,4805.720954748046
784,-380.0443291209296,-5215.133816035394,4835.089486914465
785,-439.47522318699845,-5168.711693009291,4729.236469822292
786,-281.42214124387675,-5062.436424390475,4781.014283146598
787,-350.7251541982297,-5308.690627372958,4957.965473174729
788,-294.853885056275,-5252.932368910474,4958.078483854199
789,-373.5666625796237,-5276.006595486431,4902.439932906807
790,-399.9977954944061,-5449.6257887016345,5049.627993207228
791,-378.48010304747544,-5434.105444321835,5055.62534127436
792,-306.3367322558397,-5217.187817194627,4910.851084938788
793,-411.3618166237508,-4936.464592713873,4525.102776090122
794,-368.8392687427204,-5057.340544529592,4688.501275786872
795,-374.5254560032356,-5201.893333640901,4827.3678776376655
796,-410.10320113370614,-5320.709290095894,4910.606088962188
797,-315.42159386567846,-5147.805776384819,4832.384182519141
798,-266.94881654259075,-5186.5281504351415,4919.5793338925505
799,-332.81805320991117,-5581.09846529012,5248.280412080208
800,-354.7598849884613,-5442.941146642476,5088.181261654015
801,-340.69188032932186,-5287.13559905207,4946.443718722748
802,-319.45707636943126,-5312.652976390349,4993.195900020918
803,-264.291116916225,-5423.423747053481,5159.132630137256
804,-301.72674466326237,-5091.304393874568,4789.5776492113055
805,-404.92564164433287,-5069.000360039385,4664.074718395052
806,-291.12216570175667,-5189.388259557551,4898.266093855794
807,-359.6315616212339,-5207.966234892592,4848.334673271358
808,-334.7380571226948,-5105.560678139982,4770.822621017287
809,-296.90602526584945,-4927.395435953869,4630.48941068802
810,-404.9969008178272,-5109.91289474005,4704.915993922224
811,-440.14326699370224,-5189.445101865718,4749.301834872016
812,-324.06872696457674,-5070.764197239163,4746.695470274586
813,-309.62302768775265,-5418.810563697901,5109.1875360101485
814,-330.7478966899428,-5082.947709091129,4752.199812401186
815,-294.88343706646685,-5389.153559321604,5094.270122255137
816,-248.1151017668328,-5300.066360963848,5051.951259197015
817,-278.48778965665923,-5613.898683217649,5335.410893560989
818,-391.4893396490779,-5516.636673342621,5125.147333693543
819,-404.28487137132936,-5232.525513209445,4828.240641838116
820,-359.8330288916046,-4969.870958679124,4610.037929787519
821,-502.7300145180924,-5330.0458548955,4827.315840377408
822,-414.8251978600938,-5182.514542096138,4767.689344236044
823,-342.95344431664853,-5219.09054656112,4876.137102244472
824,-338.68108249970385,-5273.663773275142,4934.982690775439
825,-413.5087094371747,-5360.916992422888,4947.408282985713
826,-383.10203709388105,-4924.433190652668,4541.331153558786
827,-409.65209048499213,-5309.003812027036,4899.351721542043
828,-243.7114187542467,-5167.944552751354,4924.233133997108
829,-281.267604297847,-5214.634535854716,4933.366931556869
830,-284.4425796138289,-5480.460331671019,5196.017752057191
831,-421.1473640763411,-5489.771152670973,5068.623788594632
832,-338.08322512953686,-5046.72248262838,4708.639257498843
833,-276.51822094846585,-5241.456584984681,4964.938364036216
834,-388.75439536811695,-5272.827230222403,4884.072834854286
835,-416.71147526611475,-5082.608629227688,4665.897153961573
836,-278.03324548333404,-4953.760156090217,4675.7269106068825
837,-350.0903052743238,-4825.0385272275125,4474.948221953189
838,-313.3748558205505,-5112.440635670792,4799.065779850242
839,-254.0711644380404,-4934.452269631624,4680.381105193584
840,-285.14922437535,-5225.68215514545,4940.5329307701
841,-301.9967904595701,-4943.2860679626565,4641.289277503087
842,-366.5394184960166,-5459.81011126141,5093.2706927653935
843,-284.9621756223085,-4991.274604332325,4706.312428710016
844,-270.22205798757153,-5062.024003394197,4791.801945406626
845,-421.2635444254464,-5420.907561432172,4999.644017006725
846,-436.714160615814,-5300.528752589645,4863.814591973831
847,-340.4351181800716,-5066.571524451244,4726.136406271173
848,-314.6032571573571,-5161.564312978156,4846.961055820799
849,-279.9156329757895,-5259.120306102315,4979.204673126525
850,-370.78694431820304,-5446.3489798808205,5075.562035562618
851,-368.1667925100903,-5070.798982778148,4702.6321902680575
852,-347.0977590316752,-4961.502351521967,4614.404592490292
853,-385.773126032087,-5233.186761986981,4847.413635954894
854,-280.85434938932303,-5273.267477622028,4992.413128232705
855,-280.7584416532045,-5007.50308987134,4726.744648218136
856,-434.20343342949803,-4972.064067128057,4537.8606336985595
857,-356.5939795857919,-4995.330407383002,4638.73642779721
858,-294.0242274969207,-5398.780806347477,5104.756578850556
859,-269.62086652765714,-5245.891698247252,4976.270831719595
860,-349.67416810539186,-5233.975633847533,4884.301465742141
861,-395.8180400997006,-5230.248737886218,4834.430697786517
862,-317.37310663118905,-5341.218787768582,5023.845681137393
863,-311.17941865098487,-5360.063866246508,5048.884447595523
864,-330.0508737041594,-5238.787467620401,4908.736593916242
865,-305.297948828695,-5244.052253219393,4938.754304390698
866,-391.6343369808106,-5088.920691078643,4697.286354097832
867,-348.67251401364126,-5272.140039336936,4923.4675253232945
868,-433.2660037912188,-5226.483388863685,4793.217385072466
869,-247.53456151546308,-4836.398705471615,4588.8641439561525
870,-444.98819027931273,-5190.9968623286095,4746.008672049296
871,-363.2779330061445,-5087.792195471706,4724.514262465561
872,-322.73095230236754,-5279.283951633256,4956.552999330888
873,-367.0297694004432,-4917.44223044656,4550.412461046117
874,-402.7352572488526,-5199.098562790048,4796.363305541196
875,-290.2145282487638,-5305.325365993542,5015.110837744778
876,-304.1368140324171,-5063.098724214253,4758.961910181835
877,-337.2731152581387,-5065.713887456705,4728.440772198566
878,-358.9908107979386,-5455.119695500182,5096.128884702244
879,-450.43998005942296,-5128.7196110173445,4678.279630957922
880,-345.49388468784787,-5326.603246569457,4981.109361881609
881,-300.49965187861466,-5014.945595287846,4714.445943409231
882,-261.78846552985203,-5389.648191861479,5127.859726331627
883,-229.46701689691784,-5498.910260349648,5269.44324345273
884,-355.78732527594667,-5368.016339464024,5012.229014188078
885,-323.45129229257464,-5203.666152440309,4880.214860147735
886,-271.04357620435314,-5279.3663579181475,5008.322781713794
887,-350.5811816297386,-4941.444225509073,4590.863043879334
888,-289.23686090191234,-4995.643369796038,4706.406508894126
889,-343.4203073913787,-5037.484101532551,4694.063794141172
890,-342.226644237844,-5037.115289228244,4694.8886449904
891,-332.90357692453125,-5382.437892577242,5049.534315652711
892,-335.62162402374923,-5297.446357044249,4961.8247330205
893,-363.6490296101082,-5521.269378276588,5157.62034866648
894,-277.0692174465714,-5043.985252600619,4766.916035154048
895,-520.8361745997768,-5256.85983412587,4736.023659526094
896,-305.448929922,-5184.847677281803,4879.398747359803
897,-206.54817247675976,-5058.063550835526,4851.515378358767
898,-444.4529030904694,-5369.685167973042,4925.232264882572
899,-376.9177670596012,-5199.447355096291,4822.52958803669
900,-276.1885983660823,-5079.726432302369,4803.537833936287
901,-310.402960458312,-5112.105522791986,4801.702562333674
902,-410.67850098730673,-5126.436824420166,4715.7583234328595
903,-401.3159561435247,-4967.556431987271,4566.240475843746
904,-345.36004290599175,-5147.257441465872,4801.8973985598805
905,-414.60388673464496,-5484.333001375593,5069.729114640948
906,-317.19158275119923,-5247.264030576557,4930.072447825358
907,-415.89703249158003,-5337.943992205706,4922.046959714126
908,-438.07075167353145,-5057.412787149873,4619.342035476342
909,-321.40715290348135,-5296.239328872074,4974.832175968593
910,-323.9508904664665,-5117.609168539095,4793.6582780726285
911,-345.73925834558406,-5268.3764840881795,4922.637225742596
912,-376.8096456334692,-5050.696075748025,4673.886430114556
913,-390.1714902329213,-5434.607888920352,5044.4363986874305
914,-269.84712461564857,-5178.773371735504,4908.926247119855
915,-320.5489532277617,-5242.554984384351,4922.006031156589
916,-328.7681577086423,-5324.582127926244,4995.813970217601
917,-366.45554864328375,-5064.153127694026,4697.697579050742
918,-265.5314584711284,-5217.036682061032,4951.505223589903
919,-359.66431558215703,-4950.917429010433,4591.253113428276
920,-278.5307721424148,-5228.61227545321,4950.081503310795
921,-350.4838081550817,-5269.253603449053,4918.769795293972
922,-299.8251087795632,-5088.565049616228,4788.739940836665
923,-363.10409767112054,-5035.9492126763025,4672.845115005182
924,-283.08388530049797,-5184.83016966538,4901.746284364882
925,-447.4432660957792,-5254.6906339481975,4807.247367852418
926,-328.4077647982852,-4894.47336354241,4566.065598744125
927,-360.0107136269721,-5421.4040432730035,5061.393329646031
928,-343.21269907800706,-5450.915213301413,5107.702514223406
929,-370.6735844273985,-5267.578591653583,4896.905007226185
930,-287.44015155251225,-5507.972808917112,5220.5326573646
931,-332.2910814574973,-5428.133556503058,5095.842475045561
932,-318.28741178082936,-5422.644773939684,5104.357362158854
933,-352.8607435404754,-5175.77952499019,4822.9187814497145
934,-268.96282317788086,-5042.255778562737,4773.292955384856
935,-386.4369546188899,-5253.627170712696,4867.190216093806
936,-265.2625007004681,-4797.724907184748,4532.46240648428
937,-383.1269614555929,-5206.252078499752,4823.125117044159
938,-462.1477132058787,-5312.299990068469,4850.15227686259
939,-443.20618625723097,-5077.895981703951,4634.68979544672
940,-284.62251043908987,-5186.962538534239,4902.340028095149
941,-377.5099207596146,-5032.331923440874,4654.822002681259
942,-343.7510567218088,-5499.526878901939,5155.7758221801305
943,-337.0550731607429,-5551.2055279708375,5214.150454810095
944,-322.65495152573135,-5069.511446582982,4746.856495057251
945,-463.93276608513077,-5129.084431803022,4665.151665717892
946,-281.46755791250513,-5063.939544321946,4782.471986409441
947,-263.6099162458003,-5119.343298507509,4855.733382261708
948,-344.49153602235515,-5379.822113901815,5035.33057787946
949,-360.2381779071052,-5553.262496757078,5193.0243188499735
950,-321.35332138262305,-5270.514712665522,4949.161391282899
951,-338.3901929198717,-5126.685720580695,4788.295527660823
952,-411.88303618353865,-5189.084865978608,4777.201829795069
953,-297.9389532196085,-5215.289893460692,4917.350940241084
954,-336.32241379542876,-5465.911049776166,5129.588635980737
955,-275.66661141853194,-5187.402404716108,4911.7357932975765
956,-292.4262323875385,-5060.700507336863,4768.2742749493245
957,-212.7504967117139,-5309.406172645289,5096.655675933575
958,-392.9281612385326,-5343.00543208229,4950.077270843757
959,-477.94996082809917,-5207.970888789084,4730.020927960984
960,-252.06846996639774,-5325.408000417196,5073.339530450798
961,-346.879966167715,-4946.04278173587,4599.162815568156
962,-363.6836792004945,-5189.740993573533,4826.057314373039
963,-306.54913850291354,-5046.6663252135495,4740.117186710636
964,-324.44202170908045,-5132.42693006388,4807.9849083548
965,-198.2590790449118,-5332.486972868654,5134.227893823742
966,-271.359919846663,-5375.736739636186,5104.376819789523
967,-348.0515668418372,-5192.275031222607,4844.22346438077
968,-320.64288018769275,-5413.285829218922,5092.642949031229
969,-309.3477270602595,-5462.975053238532,5153.627326178273
970,-359.5296474570451,-5257.466458098282,4897.936810641237
971,-307.99708506716,-5440.095760463406,5132.098675396246
972,-346.45649031760587,-4949.648005925312,4603.191515607706
973,-372.78481027092886,-5111.193739931244,4738.408929660315
974,-435.5726712629676,-4881.894241481722,4446.3215702187545
975,-338.02253524535496,-5444.513016817741,5106.490481572386
976,-428.6510731726178,-5100.138343547475,4671.487270374858
977,-259.8708966616991,-5618.725211998963,5358.854315337264
978,-305.7971528952775,-4994.435956486496,4688.638803591219
979,-339.6330210817248,-5439.474502409213,5099.841481327488
980,-339.530836856707,-5251.5931369903,4912.062300133593
981,-239.6647751125398,-5170.0410761056755,4930.376300993135
982,-405.40071326747085,-5027.732709558882,4622.331996291411
983,-244.46588491445854,-4940.986907202428,4696.521022287969
984,-418.00163519300133,-5088.297531151316,4670.295895958315
985,-351.25094086366477,-5380.3839457998465,5029.133004936181
986,-330.07455044134497,-5083.212312093063,4753.1377616517175
987,-351.3132709338911,-5226.820549307388,4875.507278373498
988,-377.019509484716,-5533.4073427293915,5156.387833244676
989,-358.9831261412171,-5342.972656138423,4983.989529997206
990,-290.2960525302177,-4710.075008102689,4419.778955572471
991,-335.2216274126071,-5037.514941660041,4702.293314247434
992,-358.31860289003004,-5113.0667745109295,4754.7481716208995
993,-389.7858002429518,-5355.158760015515,4965.372959772563
994,-314.0245562320966,-5365.06897921675,5051.0444229846535
995,-313.15962375337796,-5038.091989348136,4724.932365594758
996,-384.5696705845171,-5304.776410692238,4920.20674010772
997,-348.0929664517962,-5246.1309666569605,4898.038000205164
998,-311.10083776806607,-5545.8311441551705,5234.730306387104
999,-378.4505229157671,-5265.185884144744,4886.735361228977
1000,-349.60984149001274,-5255.850264607986,4906.2404231179735
1001,-320.2168486586275,-5040.557155190674,4720.340306532046
1002,-293.80688084262846,-5352.071392151711,5058.264511309082
1003,-324.57298881855485,-5419.458387200799,5094.885398382244
1004,-231.74290690062486,-5216.758511124163,4985.0156042235385
1005,-321.94464581261946,-5065.5609701962985,4743.616324383679
1006,-421.62089487139684,-5181.5471942341555,4759.926299362759
1007,-384.6647386454568,-5309.71781531684,4925.053076671383
1008,-372.08161579632906,-5316.198007478419,4944.11639168209
1009,-368.96807072330336,-5389.583345257888,5020.615274534584
1010,-417.5279334131032,-5244.807071642321,4827.279138229218
1011,-267.81640042118204,-5103.097347970604,4835.280947549421
1012,-313.71040027940256,-5214.008006759388,4900.297606479986
1013,-336.93559676740534,-5119.934786062207,4782.999189294802
1014,-295.0556867573228,-5299.425720761292,5004.370034003969
1015,-272.41207430993353,-4910.578210630762,4638.166136320829
1016,-326.2574113813045,-5318.65107593631,4992.393664555006
1017,-402.4878531612457,-5428.376888338207,5025.889035176961
1018,-360.7633813688203,-5132.2441379712245,4771.480756602405
1019,-306.44100467239133,-5396.302582722645,5089.861578050253
1020,-421.58617685805376,-5491.722975551916,5070.136798693862
1021,-292.6314604606311,-4834.5070613252565,4541.875600864625
1022,-351.5202371867241,-5313.120270457125,4961.600033270401
1023,-398.86545354079175,-5341.426765322415,4942.561311781624
1024,-302.61462747174943,-5349.242222830766,5046.627595359017
1025,-255.3901479005013,-5233.758193919497,4978.368046018995
1026,-376.8251004673058,-5134.754795270953,4757.929694803647
1027,-374.8966616306426,-5046.51764722103,4671.620985590387
1028,-337.4041440991442,-5150.222042133549,4812.817898034405
1029,-247.74587738402175,-5473.07343818428,5225.327560800259
1030,-380.5653380273311,-5491.680079083941,5111.11474105661
1031,-272.0907409020497,-5332.308562850496,5060.217821948447
1032,-308.64845673316836,-5223.037536868023,4914.389080134855
1033,-356.35211963665415,-5278.383202197517,4922.031082560863
1034,-323.47655934730125,-5208.279939057312,4884.803379710011
1035,-369.9265470167306,-4842.405033273519,4472.4784862567885
1036,-303.47272220931893,-5051.573796968913,4748.101074759594
1037,-314.25837624516146,-5513.197224800244,5198.938848555083
1038,-314.74186534122316,-4987.739868949826,4672.998003608603
1039,-308.4435404983659,-5001.570315328177,4693.1267748298105
1040,-329.888496514279,-5239.65656832148,4909.7680718072015
1041,-249.7003137339176,-5053.823816088084,4804.123502354166
1042,-203.72460000227497,-5260.76089121233,5057.0362912100545
1043,-413.31968809204784,-5053.790267965874,4640.470579873826
1044,-368.39457794925045,-4989.654677849003,4621.260099899752
1045,-354.71338399568424,-5237.184833352037,4882.471449356352
1046,-327.96211497671186,-5261.109445192907,4933.147330216195
1047,-333.05026824302183,-4832.513201104697,4499.462932861676
1048,-331.00890718683746,-5079.81552849848,4748.806621311642
1049,-325.6706800321506,-5404.751232864763,5079.080552832612
1050,-409.74019488848467,-4946.245534102402,4536.505339213918
1051,-303.5405565266648,-5265.373353724806,4961.832797198142
1052,-392.8284591835302,-5217.974383361512,4825.145924177982
1053,-376.786146304172,-5019.489919155119,4642.703772850948
1054,-381.62917532342055,-5222.312196943823,4840.6830216204025
1055,-419.68746076051417,-5074.487115406919,4654.799654646405
1056,-291.076010629252,-5462.920409344855,5171.844398715603
1057,-426.91982271454407,-5410.201710234469,4983.281887519925
1058,-367.01314391061254,-5509.708745219883,5142.69560130927
1059,-282.3674532955037,-5154.808597953945,4872.441144658441
1060,-318.9785279767485,-5242.814133849952,4923.835605873203
1061,-333.7888633235079,-5072.273174055609,4738.484310732101
1062,-460.9808896838421,-5108.652408038322,4647.67151835448
1063,-343.1713434193685,-5441.813757991307,5098.642414571938
1064,-377.7453054025292,-4913.369760772949,4535.62445537042
1065,-272.6462815795218,-4816.912562442605,4544.266280863083
1066,-397.84191997848404,-5214.107070189082,4816.265150210598
1067,-427.0663989003072,-5318.331391578944,4891.264992678637
1068,-400.20810886530825,-5614.272738677719,5214.06462981241
1069,-371.9297932549933,-5199.699241817392,4827.769448562399
1070,-276.94897691230403,-5148.078569713668,4871.129592801364
1071,-557.8044216878858,-5000.510929134585,4442.706507446699
1072,-298.9477514674992,-5183.255978219687,4884.308226752188
1073,-250.11797593907568,-5322.238253624056,5072.1202776849805
1074,-295.5070706753454,-5180.848039458685,4885.340968783339
1075,-297.42433666058156,-5264.8592884255195,4967.434951764938
1076,-368.50220214789005,-5021.771238100174,4653.269035952284
1077,-411.4115178566434,-5353.625181160049,4942.213663303405
1078,-257.74540458068,-5118.808231157938,4861.062826577258
1079,-314.0049742316141,-5167.026103086846,4853.021128855232
1080,-312.4423459588761,-5081.638698837281,4769.1963528784045
1081,-429.2500792160142,-5188.968487215331,4759.718407999317
1082,-405.3984327993499,-5163.951344528031,4758.552911728681
1083,-390.1788987392784,-5392.35566166746,5002.176762928181
1084,-349.0498802150867,-4859.153849159024,4510.103968943937
1085,-384.4976649332468,-4945.63558399984,4561.137919066593
1086,-211.85684461969052,-5336.494323212706,5124.637478593016
1087,-359.4027263284201,-5299.9960793412465,4940.593353012827
1088,-246.7868828360776,-5064.701570466735,4817.914687630657
1089,-291.4523480147909,-4989.432383119642,4697.980035104851
1090,-462.9130269442108,-5010.370081142284,4547.457054198073
1091,-296.53310308572605,-5357.8816595511435,5061.3485564654175
1092,-318.68253261279943,-5235.860511332232,4917.177978719433
1093,-376.6796793074142,-5168.291489418114,4791.6118101106995
1094,-418.69518371926335,-5342.7762052198,4924.081021500537
1095,-363.08426536487764,-5266.854254519279,4903.769989154401
1096,-432.63343776743847,-5202.100826614879,4769.467388847441
1097,-387.56678852776065,-5089.945750861864,4702.378962334104
1098,-276.6866480426245,-5286.916518728499,5010.229870685875
1099,-349.5442029978531,-5305.057133274577,4955.512930276724
1100,-406.1187769949881,-5320.2640413454465,4914.145264350458
1101,-285.1461722385397,-4953.0808070918,4667.934634853261
1102,-437.1022694580436,-5225.242807132914,4788.140537674871
1103,-350.87848008904945,-5306.337630909079,4955.459150820029
1104,-326.0565686040592,-4983.195989541958,4657.139420937899
1105,-361.47135482538044,-5240.977115228192,4879.505760402812
1106,-345.8304756224664,-4969.438587319021,4623.608111696555
1107,-411.0740659877594,-5301.70266132548,4890.628595337721
1108,-401.169177517272,-5099.636608275858,4698.467430758586
1109,-273.9099857872726,-5181.850265209579,4907.940279422307
1110,-356.437382640158,-5456.403471923111,5099.966089282953
1111,-267.8488868570414,-5453.537338376659,5185.688451519618
1112,-254.22048565371523,-5518.72588095788,5264.505395304164
1113,-374.1110814891381,-5120.458318835654,4746.347237346516
1114,-339.0168911277607,-5586.302876437025,5247.285985309264
1115,-246.72281200968092,-5347.983851383438,5101.261039373758
1116,-321.20334383314383,-5177.828157933252,4856.624814100109
1117,-381.3019267063551,-5362.716951364637,4981.415024658281
1118,-324.6961654641856,-5424.272861054872,5099.5766955906865
1119,-439.00086914732816,-5294.483086175489,4855.48221702816
1120,-350.10180084738573,-5275.152213244852,4925.050412397466
1121,-297.2154377061388,-5368.648549894355,5071.433112188216
1122,-263.2320683930091,-5350.8322795212025,5087.600211128193
1123,-418.3075905845844,-5101.4378034728,4683.130212888215
1124,-404.83382235595286,-5042.70091080427,4637.867088448317
1125,-270.30626865785734,-5009.530668168131,4739.224399510274
1126,-257.4277778287348,-5276.117032714438,5018.689254885703
1127,-379.2615195781815,-4964.864889970687,4585.603370392505
1128,-311.74019067261094,-5193.983719245883,4882.243528573272
1129,-300.5596794749123,-5092.864858692628,4792.305179217716
1130,-300.6727048314523,-5419.047932468625,5118.375227637172
1131,-328.2638284316395,-5030.236124050082,4701.972295618442
1132,-302.05077313234955,-5154.9510334615525,4852.900260329203
1133,-410.6973330307954,-5412.50918255206,5001.811849521265
1134,-333.2601000109339,-5259.2042939971525,4925.944193986219
1135,-411.9169567783785,-5412.134131157108,5000.217174378729
1136,-281.3382088717075,-5117.501317417336,4836.163108545629
1137,-357.64070520417897,-4888.5383947614255,4530.897689557247
1138,-430.5136923119238,-5276.227268653128,4845.713576341204
1139,-275.8516517386282,-5259.564243473829,4983.712591735201
1140,-344.7767466879046,-5424.6747118101275,5079.897965122223
1141,-344.08538268620026,-5104.718219108574,4760.632836422374
1142,-284.1544869617891,-5060.050975945592,4775.896488983803
1143,-326.4598974896898,-5166.214838377912,4839.754940888222
1144,-422.9880038782963,-5055.708086447212,4632.720082568915
1145,-286.3583940669266,-5276.706972494971,4990.348578428044
1146,-366.2368690881635,-5067.996304121029,4701.759435032866
1147,-365.3717247035062,-4934.082632363974,4568.7109076604675
1148,-411.63254909334796,-5204.707257367984,4793.074708274637
1149,-404.1648166929955,-4928.604149148897,4524.439332455901
1150,-447.45181686478367,-5194.694046145849,4747.242229281065
1151,-357.79709830017043,-5059.303519365015,4701.506421064844
1152,-336.54451632536967,-5223.8506224997545,4887.306106174385
1153,-349.83349412620925,-5182.301614344965,4832.468120218756
1154,-367.87687456747193,-5446.367000860464,5078.4901262929925
1155,-389.39483674794263,-5242.281674275522,4852.88683752758
1156,-343.81866541840714,-5393.806134482174,5049.987469063766
1157,-318.4799106381804,-5133.4557400338535,4814.975829395673
1158,-417.4298180443648,-5347.965902345441,4930.536084301076
1159,-310.9095841083005,-5247.225357092198,4936.315772983897
1160,-397.10696341042916,-5075.555207842155,4678.448244431726
1161,-339.9843812926685,-5376.064296898894,5036.079915606226
1162,-350.68848776139396,-5168.6246017671565,4817.936114005763
1163,-354.8656994004912,-5481.107239232912,5126.241539832421
1164,-406.24289556362095,-4874.257324609673,4468.014429046052
1165,-431.81766370044267,-5485.746382862602,5053.92871916216
1166,-362.3748160706563,-5228.797033601998,4866.422217531342
1167,-335.20469134822065,-4954.80192982171,4619.597238473489
1168,-330.39586265030874,-5298.099035734005,4967.703173083696
1169,-397.2829837583852,-5615.593761362165,5218.3107776037805
1170,-260.12161353155926,-5016.252914319917,4756.131300788358
1171,-389.58706510294616,-5297.0770597806,4907.489994677654
1172,-415.29176067531387,-5125.080236661473,4709.788475986159
1173,-361.5347031738822,-5299.164661823076,4937.629958649194
1174,-221.65381463142285,-5310.327807733423,5088.673993102
1175,-310.0121076291806,-5138.618767116643,4828.606659487462
1176,-389.50245379285036,-5472.440596542534,5082.938142749684
1177,-300.9101896995305,-5040.311779910572,4739.401590211041
1178,-409.83299729518006,-5248.309374219938,4838.476376924758
1179,-304.55405452089576,-5172.197962612422,4867.643908091526
1180,-478.26168297399613,-5168.151781281973,4689.890098307977
1181,-319.02644511436506,-5216.174620767156,4897.148175652791
1182,-278.1056921818591,-5321.032966516248,5042.927274334389
1183,-379.9183426789417,-5344.22632952686,4964.307986847919
1184,-391.7887435571467,-5267.206142850443,4875.4173992932965
1185,-313.4368192557266,-5198.181435569478,4884.744616313751
1186,-350.8864742609406,-5199.32257233854,4848.4360980776
1187,-318.3115164597857,-5321.231094014193,5002.919577554408
1188,-309.6314258443894,-5238.729692093932,4929.098266249543
1189,-256.1829633064351,-5171.797203403557,4915.614240097122
1190,-285.0663110483985,-5123.981185910444,4838.9148748620455
1191,-348.3932420355784,-5247.292784443716,4898.899542408138
1192,-256.84585654642126,-5311.25472096276,5054.4088644163385
1193,-376.196522888167,-5402.154541885805,5025.958018997638
1194,-429.3482099364954,-5380.471191525435,4951.122981588939
1195,-300.0636888093632,-5134.895278059922,4834.831589250559
1196,-354.1234825758589,-5501.847031879024,5147.723549303165
1197,-323.43259694833654,-5562.370392712668,5238.937795764332
1198,-314.1334051315721,-5389.000181880348,5074.866776748775
1199,-220.62133679905173,-5099.006083525386,4878.384746726335
1200,-298.87151797567407,-4893.538124207538,4594.6666062318645
1201,-278.17894939022216,-5350.8892151339,5072.710265743677
1202,-358.90230075808796,-5219.887748675768,4860.98544791768
1203,-331.33822912214293,-5308.561867795795,4977.223638673651
1204,-396.06653269519177,-5550.422261704648,5154.355729009456
1205,-307.3838840141545,-5187.418940840001,4880.035056825846
1206,-300.08279684560364,-5244.934495645784,4944.851698800181
1207,-333.8452534278143,-5225.063878126834,4891.21862469902
1208,-353.64473075303715,-5003.085202202837,4649.4404714498
1209,-367.0926585160712,-5225.909463046799,4858.8168045307275
1210,-290.6933592524435,-5385.315832803873,5094.622473551429
1211,-264.853742368712,-5211.943559174897,4947.089816806185
1212,-387.64642626273394,-5160.3947777281655,4772.748351465431
1213,-359.4586216470822,-5406.248999922855,5046.790378275772
1214,-322.3722991331342,-5066.030859639141,4743.658560506007
1215,-398.5175909075189,-5187.171749767879,4788.65415886036
1216,-378.3452689707615,-5321.271478626272,4942.92620965551
1217,-359.51831273424756,-5015.136397586073,4655.618084851825
1218,-405.12038738035983,-5381.414790573055,4976.294403192695
1219,-338.6246232333237,-5328.201366666218,4989.576743432895
1220,-440.26997333027737,-5240.3192796644435,4800.049306334166
1221,-333.3926649375879,-5560.526029708818,5227.13336477123
1222,-445.6487310733544,-5385.7475137505235,4940.098782677169
1223,-413.57926832578903,-5423.730626626133,5010.151358300344
1224,-324.66645484520916,-5302.97404116,4978.307586314791
1225,-250.76035829214382,-5397.40753804159,5146.647179749446
1226,-332.3961346635202,-5240.529283080014,4908.133148416493
1227,-321.1670617903418,-5162.71102640443,4841.5439646140885
1228,-296.4582833341548,-5220.869934680261,4924.411651346107
1229,-375.77243030007986,-5067.479866513468,4691.707436213388
1230,-277.76970855280564,-5065.637266053351,4787.867557500545
1231,-362.71992488602666,-5077.542039703161,4714.822114817134
1232,-378.8077792192627,-5287.182652374268,4908.374873155006
1233,-368.4547243500239,-5024.189624486505,4655.734900136481
1234,-377.86841413866347,-5056.64204073669,4678.773626598027
1235,-320.5803834888306,-5369.500545693533,5048.920162204703
1236,-226.95543639720145,-5379.941225333167,5152.9857889359655
1237,-315.75212371243947,-5065.772791045176,4750.020667332737
1238,-299.76188445488816,-5370.7079701920675,5070.94608573718
1239,-387.09520932848415,-5142.325571415581,4755.230362087097
1240,-353.13160240264847,-5375.732327869659,5022.60072546701
1241,-410.5648767063917,-5102.386986662499,4691.822109956107
1242,-366.86996901983764,-5260.6905133029695,4893.820544283132
1243,-351.74795835549276,-5176.860889000523,4825.112930645029
1244,-301.94391605701315,-5438.242632549694,5136.298716492681
1245,-300.2951658337,-5317.621468279773,5017.326302446073
1246,-332.4745047685512,-5083.396501654474,4750.921996885923
1247,-338.2541074233286,-5131.282879981933,4793.028772558604
1248,-266.8524987276516,-5195.010824026193,4928.158325298542
1249,-361.1748152041279,-5379.882994545186,5018.708179341058
1250,-411.1985139125511,-5528.247618079548,5117.0491041669975
1251,-382.23487480999665,-5196.251444164694,4814.016569354697
1252,-324.5059286388172,-5378.987658766997,5054.48173012818
1253,-336.8686873392974,-5394.704243324565,5057.835555985268
1254,-423.75483487096716,-5415.214563963928,4991.459729092961
1255,-250.66514945691193,-5250.474229425482,4999.80907996857
1256,-383.49918448677016,-5005.588618192914,4622.089433706144
1257,-361.4997433323489,-5241.277035306815,4879.777291974467
1258,-289.7813021496844,-5259.975691633436,4970.194389483752
1259,-313.90954517144087,-5181.248644737861,4867.3390995664195
1260,-361.6571903917489,-5206.150291269972,4844.493100878222
1261,-331.4595508187645,-5334.001815833743,5002.5422650149785
1262,-393.51400952636544,-5200.377001333124,4806.862991806759
1263,-324.6042765290525,-5197.059949477149,4872.455672948096
1264,-298.83145188070495,-5187.444543783943,4888.6130919032385
1265,-295.7173652015788,-5171.171799628396,4875.454434426817
1266,-515.392416844568,-5440.63968592822,4925.247269083652
1267,-431.41056243982297,-5391.7947525956015,4960.384190155779
1268,-363.33585571605687,-5176.365513686712,4813.029657970655
1269,-358.53337321923516,-5228.854242254746,4870.320869035511
1270,-371.2907890941593,-5368.711639382242,4997.420850288082
1271,-390.92702430636933,-5358.239781473393,4967.312757167024
1272,-451.7735334881247,-5483.808056884428,5032.0345233963035
1273,-328.9272825890811,-5069.157119660147,4740.229837071066
1274,-297.4398691114875,-5245.333094969258,4947.893225857771
1275,-285.3146039544149,-5182.136070533112,4896.821466578696
1276,-410.83413054963216,-5372.540821360004,4961.706690810372
1277,-427.1030708301944,-5235.930895673107,4808.827824842913
1278,-318.17227048595663,-5159.582846371975,4841.410575886019
1279,-324.25940546346317,-5524.874389954764,5200.614984491302
1280,-434.2225261925003,-5343.493318756282,4909.2707925637815
1281,-355.5561918328637,-5317.530066095572,4961.973874262708
1282,-376.92706587936703,-5320.576181444974,4943.649115565608
1283,-279.95160380903485,-5233.756775526803,4953.805171717768
1284,-318.3110763688797,-5468.624246949754,5150.313170580874
1285,-325.7400110526196,-5136.928908564368,4811.188897511748
1286,-308.5799652253363,-5030.901649994965,4722.3216847696285
1287,-447.98749104892255,-5363.159572080346,4915.172081031424
1288,-369.4737451631463,-5340.645706969547,4971.171961806401
1289,-338.5925908983634,-5379.6180466012365,5041.025455702873
1290,-303.8295491292619,-5415.158055337134,5111.328506207872
1291,-337.30312079512424,-5160.209709070126,4822.906588275002
1292,-394.6834025390366,-5256.10317373471,4861.419771195674
1293,-270.78908250437695,-5037.740242681075,4766.951160176698
1294,-408.1624300249204,-5092.864253164729,4684.701823139809
1295,-352.6543937162881,-5347.21879311866,4994.564399402372
1296,-324.7885515079819,-5128.338584658199,4803.550033150217
1297,-326.9541444485302,-5113.202164555951,4786.24802010742
1298,-339.06744118338395,-5066.438742735909,4727.3713015525245
1299,-435.42232256817016,-5216.8024615721315,4781.380139003962
1300,-385.9811092940214,-5143.802819810687,4757.821710516665
1301,-361.1106245962537,-5339.391581507769,4978.280956911515
1302,-316.2865050038411,-5127.649408562068,4811.362903558227
1303,-416.583229353214,-5133.410599208566,4716.827369855352
1304,-367.74781131440955,-5295.120189530101,4927.372378215691
1305,-363.1951075797136,-5330.430402062007,4967.235294482293
1306,-377.0014692881514,-5047.701002835466,4670.699533547315
1307,-245.20523766332246,-5176.014248630327,4930.809010967004
1308,-329.22850642090657,-5438.811859036272,5109.583352615366
1309,-365.13082711562834,-5177.7675992395525,4812.636772123924
1310,-290.53650333483967,-5329.738511598,5039.20200826316
1311,-291.6149035128613,-5112.757825390512,4821.142921877651
1312,-319.26065551875257,-5159.8380498507995,4840.577394332047
1313,-258.40523332108876,-5161.93410916448,4903.528875843392
1314,-301.9820447196761,-5144.24406338872,4842.262018669044
1315,-316.7211961578048,-4960.555146005703,4643.833949847898
1316,-296.6642317949871,-5134.814721267506,4838.1504894725185
1317,-271.989490367783,-5142.930145544728,4870.940655176944
1318,-291.0641209670093,-5312.884538429959,5021.82041746295
1319,-316.66331815766335,-5245.3765356149515,4928.713217457288
1320,-278.7379285906729,-5276.51367521468,4997.775746624007
1321,-360.64393915999597,-5165.71073523271,4805.066796072714
1322,-345.070043441617,-5103.0566303607775,4757.986586919161
1323,-416.8891698146995,-4938.401815644438,4521.512645829738
1324,-357.65779822876146,-5222.6633032875625,4865.005505058801
1325,-339.3384053753738,-5268.664032897432,4929.325627522058
1326,-367.1040069395596,-4996.379228455763,4629.275221516204
1327,-389.0052181245438,-5362.462810166224,4973.45759204168
1328,-355.54066430631985,-5261.79293794151,4906.25227363519
1329,-367.1351868894874,-5031.816937060754,4664.681750171267
1330,-358.4196562736158,-5226.195546497421,4867.775890223805
1331,-362.62648518952875,-5414.857163630394,5052.230678440866
1332,-366.46288866596325,-5312.829395703143,4946.36650703718
1333,-318.10283286802644,-5182.309066370731,4864.206233502704
1334,-270.280003273064,-5100.280899646899,4830.0008963738355
1335,-399.50781764968724,-5253.149906467586,4853.642088817899
1336,-345.9898878780489,-5265.367740775063,4919.377852897014
1337,-414.9149204289267,-5310.224177490443,4895.309257061516
1338,-286.22024335100076,-4971.5418898344715,4685.32164648347
1339,-284.3195989081179,-5374.276533653307,5089.956934745189
1340,-395.5134703972077,-5056.916343546087,4661.402873148879
1341,-366.6493713732503,-5270.005710807493,4903.356339434243
1342,-305.58361460357503,-5219.456403052048,4913.872788448472
1343,-389.9904142320118,-5054.12008353869,4664.129669306678
1344,-350.46690044168514,-5314.14443446438,4963.677534022694
1345,-314.3013238944574,-5115.628438590724,4801.327114696266
1346,-361.53607642859487,-5100.012190869358,4738.476114440763
1347,-371.145064847284,-5319.8914416294565,4948.746376782173
1348,-363.1177012079541,-5244.762915795596,4881.645214587642
1349,-233.13084696899756,-5222.836117131947,4989.705270162949
1350,-287.36196624338777,-5251.844802113311,4964.482835869923
1351,-345.5996844365931,-5223.262857517382,4877.663173080789
1352,-310.6387009378163,-5143.902473964901,4833.263773027085
1353,-382.35446356839236,-5608.542158487447,5226.187694919055
1354,-436.08941636465,-5202.909168253687,4766.819751889037
1355,-362.3585013227657,-5215.673646246768,4853.315144924002
1356,-272.4882798048931,-5320.450807781119,5047.962527976226
1357,-315.0018841971519,-5056.137977197494,4741.136093000342
1358,-394.49244569459887,-5229.6907448660795,4835.19829917148
1359,-351.58182806406404,-4965.8682299205675,4614.286401856503
1360,-306.5354884189175,-5331.973223115314,5025.437734696397
1361,-323.98680493496374,-5266.533082955208,4942.546278020244
1362,-446.50186175755766,-5451.799741372762,5005.297879615204
1363,-251.0479727377083,-5149.309596105024,4898.261623367315
1364,-298.33175294343397,-5002.898065833395,4704.5663128899605
1365,-377.13459000272866,-5047.519701717399,4670.38511171467
1366,-234.37035559216733,-5213.616286372162,4979.2459307799945
1367,-384.76282248953936,-4955.269893544271,4570.507071054732
1368,-279.4792357503264,-5325.928521196941,5046.449285446614
1369,-388.77547188973597,-5089.728008557626,4700.95253666789
1370,-304.27973226179455,-5233.632770024863,4929.353037763069
1371,-395.17390839090507,-5571.608921487186,5176.435013096281
1372,-344.61389486304836,-5096.650629627372,4752.036734764323
1373,-357.17100633030606,-5249.474170878376,4892.30316454807
1374,-340.11288126682234,-5066.961964863754,4726.849083596931
1375,-293.57585113138737,-5277.118044069353,4983.542192937966
1376,-361.33833798322763,-5144.956271482782,4783.617933499554
1377,-365.4974088312206,-5526.080272607458,5160.582863776237
1378,-435.8879863738741,-5187.0475097827675,4751.159523408894
1379,-349.1901661838746,-5240.629990819229,4891.439824635354
1380,-347.4040981286685,-5536.141894886659,5188.7377967579905
1381,-377.6575980525776,-5415.271498060395,5037.613900007817
1382,-360.09966049898475,-4918.782588665195,4558.68292816621
1383,-434.69729340890734,-5015.3145711270245,4580.617277718117
1384,-380.52113236166895,-5303.533030537154,4923.011898175486
1385,-326.66445277428284,-5210.940142536278,4884.275689761995
1386,-245.3695996027214,-4906.1261129791665,4660.756513376445
1387,-336.4376106153714,-5001.711240495282,4665.273629879911
1388,-278.64523616722744,-4829.277409584666,4550.632173417439
1389,-337.6188371825633,-5421.479003447307,5083.860166264743
1390,-423.0834177771294,-5198.142625874115,4775.0592080969855
1391,-301.7650250486781,-5175.654298194349,4873.889273145671
1392,-255.29044356955433,-5307.199677091726,5051.909233522171
1393,-351.9057488409356,-5077.338026668526,4725.432277827591
1394,-248.72701375656482,-5312.0109660942835,5063.283952337719
1395,-381.5991876851256,-5091.82510099124,4710.225913306114
1396,-257.0601807015594,-5305.460423282122,5048.400242580563
1397,-417.38027404713415,-5165.913255931988,4748.532981884854
1398,-385.32626411296434,-4933.401369877626,4548.075105764662
1399,-328.6284795906321,-5211.312199377698,4882.6837197870655
1400,-302.5030537270031,-5104.367717594094,4801.864663867091
1401,-447.6013649407803,-5274.660847358606,4827.059482417825
1402,-239.38921120228488,-5312.40702264577,5073.017811443485
1403,-312.0945114976097,-5518.165563516951,5206.071052019342
1404,-413.3676291839321,-5039.199796446382,4625.83216726245
1405,-320.63336236669,-5415.396819096919,5094.763456730229
1406,-316.91823929689133,-5218.1130627477705,4901.194823450879
1407,-298.84798449023884,-5219.641501533631,4920.793517043392
1408,-352.7962298800655,-5446.288124725904,5093.491894845838
1409,-317.740306921369,-5080.379730194837,4762.639423273468
1410,-351.2598119680229,-5187.03868175911,4835.778869791086
1411,-331.4273222598643,-5160.452825431041,4829.025503171177
1412,-350.9186623275884,-5342.203557533554,4991.284895205966
1413,-376.2211305043189,-5074.871617754711,4698.650487250392
1414,-337.2534074411753,-5056.718700754677,4719.465293313502
1415,-429.78338037551123,-5319.262734165971,4889.47935379046
1416,-215.9139849646022,-5181.1570869565185,4965.243101991916
1417,-349.3006453042301,-5513.740827485009,5164.440182180779
1418,-334.3335045233072,-5313.538416084142,4979.204911560835
1419,-473.2773632695388,-5329.773884765517,4856.496521495978
1420,-350.92583364209924,-5172.502844931043,4821.577011288944
1421,-362.99572558904265,-5316.909096657734,4953.913371068691
1422,-421.85401212024465,-5445.1516612106425,5023.2976490903975
1423,-347.5161227277866,-5162.043637808164,4814.527515080377
1424,-251.57616374938286,-4927.847036511252,4676.270872761869
1425,-220.61972638305878,-5539.7825571160165,5319.162830732957
1426,-341.3947747541245,-5176.207808876098,4834.813034121974
1427,-309.0318398339634,-5118.073221555739,4809.041381721776
1428,-388.11493008711443,-5106.289492581768,4718.174562494653
1429,-312.8520198233224,-5259.1473185347095,4946.295298711387
1430,-325.3129594707057,-5313.759768791343,4988.446809320637
1431,-455.8086978791973,-5038.028901201595,4582.2202033223975
1432,-278.1598108551205,-5099.717935975627,4821.558125120507
1433,-244.6479244492028,-5175.1356117136565,4930.487687264454
1434,-439.387250212069,-5175.873703389312,4736.486453177243
1435,-370.50013101474997,-5154.583704036278,4784.083573021528
1436,-416.52419084656026,-5105.579995083742,4689.055804237181
1437,-349.6216248503418,-5118.167171912669,4768.545547062327
1438,-325.6598931769499,-5385.672398312899,5060.012505135949
1439,-354.15717446217934,-5264.343543018495,4910.186368556316
1440,-276.28930274383174,-5204.151264539867,4927.861961796036
1441,-333.06669369070215,-4956.236067914071,4623.169374223369
1442,-404.72714727634485,-5270.57517968094,4865.848032404595
1443,-289.5247602229842,-5058.335418934059,4768.810658711075
1444,-400.0344694387025,-5547.86914046726,5147.834671028558
1445,-409.84266363428003,-5259.058512460955,4849.215848826675
1446,-407.27655269099506,-5243.775024473389,4836.498471782394
1447,-310.86173947751735,-4960.192639416228,4649.330899938711
1448,-271.11532867633844,-5320.071530952208,5048.95620227587
1449,-484.22051920525274,-5362.952391783136,4878.731872577883
1450,-315.73866595406565,-5081.822355387239,4766.083689433174
1451,-404.44759109104126,-5014.735699935002,4610.288108843961
1452,-322.54355023946016,-5262.294208932669,4939.750658693209
1453,-342.5515763848429,-5049.938075598433,4707.3864992135905
1454,-323.6341899603672,-5065.72498514614,4742.090795185773
1455,-329.43277920370883,-5256.282513876359,4926.849734672651
1456,-410.8238971298748,-5308.038493432187,4897.214596302312
1457,-286.054797819498,-5283.811302747375,4997.756504927876
1458,-373.8357909765133,-5597.313893841197,5223.478102864683
1459,-423.6378108649193,-5081.625410304139,4657.98759943922
1460,-379.1060612416443,-5420.361607987953,5041.255546746309
1461,-295.35093156988194,-5113.19594249201,4817.845010922128
1462,-318.5092117049314,-5386.559462894544,5068.050251189612
1463,-420.73755091442683,-5269.925749092018,4849.188198177591
1464,-347.4078020407667,-5485.093630776813,5137.6858287360465
1465,-278.4999317926538,-5532.4368624398785,5253.9369306472245
1466,-416.7914466062381,-5339.891798885354,4923.100352279115
1467,-467.0385042292551,-5401.089412428495,4934.0509081992395
1468,-280.43818381956714,-5357.610328688263,5077.172144868696
1469,-279.7496416301758,-5162.7293837063,4882.979742076124
1470,-346.14248212773373,-5339.4849717579655,4993.342489630231
1471,-396.722880099517,-5202.686415473126,4805.9635353736085
1472,-328.3503106652662,-5078.8013656872035,4750.4510550219375
1473,-366.3573891102951,-5028.6336014288645,4662.276212318569
1474,-244.57332819089822,-5034.585292537672,4790.011964346774
1475,-313.66898823885333,-4833.325346488143,4519.656358249289
1476,-322.8066984260016,-4933.180990594789,4610.374292168788
1477,-368.59482389235643,-5194.308210931033,4825.713387038676
1478,-385.90108156622665,-5372.240317299893,4986.339235733666
1479,-372.86023788501706,-5246.0076119599635,4873.147374074946
1480,-300.01468930736945,-5222.874476651941,4922.8597873445715
1481,-359.1315328350852,-5261.5895103632065,4902.457977528122
1482,-253.562407186042,-5392.660048087838,5139.097640901796
1483,-363.68969124385364,-5285.620304445366,4921.930613201513
1484,-379.8302570479983,-5353.197150172174,4973.3668931241755
1485,-285.63991590981533,-5320.33980226641,5034.699886356594
1486,-272.4086904357981,-4882.643848518282,4610.235158082483
1487,-408.3684128601853,-5121.722648221867,4713.354235361681
1488,-267.05742580316206,-5299.509286030055,5032.451860226893
1489,-244.67868643605226,-4889.962042128051,4645.283355691999
1490,-357.2780805589994,-5193.580538792114,4836.3024582331145
1491,-369.2032614109578,-5111.437312032842,4742.234050621884
1492,-353.16471941853797,-4975.458974446228,4622.29425502769
1493,-381.1127152510271,-5130.67076647016,4749.558051219133
1494,-373.9112227057283,-5379.018830278045,5005.107607572317
1495,-330.77106660128857,-5023.749739755078,4692.97867315379
1496,-346.8649948413141,-5123.722756365518,4776.857761524204
1497,-305.54826147885905,-5467.462121213732,5161.913859734873
1498,-340.7319285541061,-4973.749433070417,4633.0175045163105
1499,-296.8444810992938,-5245.100531640195,4948.256050540901
1500,-234.60030119928564,-5160.039742514126,4925.439441314841
1501,-317.15356350927505,-5060.070203221711,4742.916639712436
1502,-376.08282777515836,-5071.959452035562,4695.876624260404
1503,-395.5966448445331,-5242.019849760258,4846.423204915724
1504,-399.9529652798918,-5458.621960927295,5058.668995647403
1505,-253.30221672468375,-4849.268417830337,4595.966201105653
1506,-274.83224495507545,-5086.716218903853,4811.883973948778
1507,-346.16926453307235,-5281.803567568993,4935.63430303592
1508,-390.4813909667073,-5315.837085104132,4925.3556941374245
1509,-417.72199328227447,-5110.938650439567,4693.2166571572925
1510,-388.6820979812364,-5208.301089716528,4819.618991735291
1511,-371.9289133491345,-5302.8262096624,4930.8972963132655
1512,-364.12061383366023,-5189.897705386036,4825.777091552376
1513,-262.2204114434117,-5199.682928980398,4937.4625175369865
1514,-397.7879209335011,-4957.413237277336,4559.625316343834
1515,-447.8759784736466,-5423.9974610030295,4976.121482529383
1516,-340.84207412517145,-4982.546373319236,4641.704299194065
1517,-334.3727269267964,-5452.900692213261,5118.527965286465
1518,-308.324748478492,-5151.506179103797,4843.181430625305
1519,-323.8444244837852,-5112.391546777329,4788.547122293543
1520,-377.46271757666517,-5114.712123195734,4737.249405619069
1521,-257.3702689306902,-5230.020671019886,4972.650402089196
1522,-341.8861701972904,-5576.504309248076,5234.618139050786
1523,-337.2186212162689,-5077.311959286835,4740.0933380705665
1524,-295.78325260649177,-5272.545939508155,4976.762686901663
1525,-355.0305112407642,-5416.578371435144,5061.54786019438
1526,-360.7678042568885,-4921.984159791881,4561.2163555349925
1527,-300.1707705884596,-5015.902818032001,4715.732047443542
1528,-308.5654731874187,-5510.354575419539,5201.789102232121
1529,-331.86961392815124,-5292.103601467514,4960.233987539363
1530,-411.09874490679545,-5054.5608678361305,4643.462122929335
1531,-271.0509086461998,-5086.225315619951,4815.1744069737515
1532,-319.4258969799994,-5183.892706772701,4864.4668097927015
1533,-329.1064916932891,-5132.031301702155,4802.924810008866
1534,-248.24431946302434,-5133.659000406983,4885.414680943959
1535,-231.33007900418065,-5309.451287466005,5078.121208461825
1536,-342.74622247929335,-5301.493522462999,4958.7472999837055
1537,-331.49078149967596,-5129.964738393326,4798.47395689365
1538,-374.3193630036446,-5297.379219062841,4923.059856059196
1539,-383.9206434243622,-5106.1720948428065,4722.251451418444
1540,-353.7252899861261,-5335.861789943329,4982.136499957203
1541,-411.2118569510872,-4983.116269094343,4571.904412143255
1542,-296.60964078116376,-5297.254728298572,5000.645087517409
1543,-355.48112267875285,-5063.7500405066185,4708.268917827865
1544,-430.7094492433575,-5233.200130238157,4802.4906809948
1545,-291.97662982399316,-5259.660736791119,4967.684106967126
1546,-328.09595453326415,-5127.810956537883,4799.715002004618
1547,-291.63683705282523,-5236.2511074223285,4944.614270369503
1548,-371.9205170078757,-5036.193885876829,4664.273368868953
1549,-483.64913173491544,-5515.597635033766,5031.9485032988505
1550,-293.6833885836557,-5117.359326427441,4823.6759378437855
1551,-362.7946907119813,-5152.834377815039,4790.039687103058
1552,-388.4420808354107,-5203.203886771656,4814.761805936245
1553,-323.2875556672368,-4741.494195827558,4418.206640160321
1554,-328.0776886648207,-4988.487244462987,4660.409555798166
1555,-331.22160854652736,-5172.318459345743,4841.096850799216
1556,-366.65714241103234,-5403.977504352166,5037.320361941133
1557,-441.4578791613587,-5504.749002213962,5063.291123052603
1558,-304.2993408802329,-5466.897261549925,5162.597920669692
1559,-294.0242455344556,-5085.776911977265,4791.752666442809
1560,-233.97687296658444,-5388.837976952895,5154.86110398631
1561,-325.10215323302265,-5393.681941559605,5068.579788326582
1562,-361.1176423760854,-5141.059639883696,4779.941997507611
1563,-394.3368481045142,-5244.373159220683,4850.036311116169
1564,-356.10802189917155,-5355.729827070492,4999.62180517132
1565,-320.22006294447027,-5391.2909905972365,5071.070927652766
1566,-295.3798379463385,-5139.266203016946,4843.886365070607
1567,-319.1189709261557,-5311.455423009183,4992.336452083027
1568,-300.6817216894791,-5060.46429078076,4759.782569091281
1569,-423.16283337276883,-5220.972652909124,4797.8098195363555
1570,-320.89756548573683,-4978.322598737266,4657.425033251529
1571,-289.47497118642144,-5304.154120164976,5014.679148978555
1572,-344.60039448919736,-5107.748518009293,4763.148123520095
1573,-364.3533287048081,-5244.363870114558,4880.01054140975
1574,-370.4397883378115,-5371.941729167336,5001.501940829525
1575,-419.0583070478088,-5080.691903180241,4661.633596132432
1576,-260.06736531312987,-5422.666564097947,5162.599198784817
1577,-335.842926606042,-5240.900141425888,4905.057214819846
1578,-257.3096671444185,-5318.616190615926,5061.306523471508
1579,-378.0669408752678,-5299.525939206451,4921.4589983311835
1580,-425.39091586474274,-5113.738289003641,4688.347373138898
1581,-327.212819642166,-4984.998435198429,4657.785615556263
1582,-376.8707879850576,-5429.469039872851,5052.598251887794
1583,-343.32745542525254,-4986.3466133281945,4643.0191579029415
1584,-290.37873826442706,-4946.2095487595425,4655.830810495116
1585,-327.3391124545169,-5144.883277370954,4817.544164916437
1586,-300.40511458381604,-4982.237252457983,4681.8321378741675
1587,-284.0016569867762,-5314.289715822736,5030.28805883596
1588,-276.39189869193535,-5264.874169759161,4988.482271067226
1589,-294.1982989623188,-5444.083620333346,5149.885321371027
1590,-340.40167519101783,-5167.530346967768,4827.128671776751
1591,-330.49251524067773,-5309.722926279555,4979.230411038878
1592,-261.3768048355763,-5479.801279091757,5218.424474256181
1593,-318.5498333737154,-5018.9491208853415,4700.399287511626
1594,-351.3904574595105,-5598.969891020355,5247.579433560844
1595,-396.9985292761574,-5166.992348313917,4769.99381903776
1596,-234.43103654387647,-5446.980622560149,5212.549586016272
1597,-301.7092794071374,-4903.043790029871,4601.334510622733
1598,-455.68227466909553,-5101.537901759925,4645.855627090829
1599,-318.1409035059022,-5069.8258964711085,4751.684992965206
1600,-389.11963878139943,-5376.739809592241,4987.620170810841
1601,-335.7745825711197,-5381.173209925442,5045.398627354322
1602,-319.4358552083686,-5509.546522051657,5190.1106668432885
1603,-337.2095297457481,-5419.878634700926,5082.669104955178
1604,-366.62612153518353,-5324.568528525744,4957.942406990561
1605,-319.795236701112,-5507.275567318093,5187.480330616981
1606,-356.65576215235427,-5394.284739096783,5037.628976944428
1607,-238.92737036423574,-5227.064447280706,4988.1370769164705
1608,-369.0797838247015,-5073.2710271173555,4704.191243292654
1609,-440.3331634388409,-5295.459670376744,4855.126506937903
1610,-359.6040818605305,-5188.619078041749,4829.0149961812185
1611,-307.2812707059301,-4775.792226373318,4468.510955667388
1612,-313.8866924614875,-5424.791530128522,5110.904837667034
1613,-320.62569792570844,-4970.730783020732,4650.105085095023
1614,-342.9726983707181,-5207.524165656135,4864.551467285417
1615,-337.35983800882,-5177.455467808857,4840.095629800037
1616,-346.61283164262204,-5456.611935738743,5109.999104096121
1617,-324.3455866671388,-4854.992474048908,4530.646887381769
1618,-367.7460018403282,-5147.269931593754,4779.523929753426
1619,-321.69014034327733,-5089.86250051762,4768.172360174342
1620,-371.985132452146,-5311.619486075651,4939.634353623505
1621,-325.26400091232136,-5286.109048625938,4960.845047713617
1622,-381.51554528016186,-5218.843977064665,4837.328431784503
1623,-368.0119502494438,-5241.82470750036,4873.812757250917
1624,-383.9291705911457,-5270.330912072373,4886.401741481228
1625,-433.8684789449142,-5155.819728245985,4721.951249301071
1626,-366.78859118336726,-5362.443599419601,4995.655008236234
1627,-313.4022898828899,-5210.992598283836,4897.590308400946
1628,-310.98067946236796,-5019.523328484731,4708.542649022363
1629,-219.79049835855542,-5487.83072235492,5268.040223996364
1630,-290.51494937589183,-5164.467588252149,4873.952638876257
1631,-281.5619952123286,-4876.574775494775,4595.012780282446
1632,-351.9789839165401,-5148.474800005943,4796.495816089402
1633,-258.8186474940132,-5583.719594313049,5324.900946819036
1634,-252.38574081174326,-5263.070004483874,5010.684263672131
1635,-306.60603023115686,-5491.413602866605,5184.807572635448
1636,-417.4739690909527,-5011.2983427359195,4593.824373644967
1637,-429.0872407430366,-5127.628742243982,4698.541501500945
1638,-301.13445500151744,-5314.9508710573,5013.816416055783
1639,-288.0318216253711,-5158.056086380885,4870.024264755514
1640,-313.2671731875183,-5212.6143320410065,4899.3471588534885
1641,-231.06284568091536,-5070.337638324576,4839.2747926436605
1642,-326.4795394763261,-5333.438912294358,5006.959372818032
1643,-437.3401695178231,-5223.641000403415,4786.300830885592
1644,-409.5895206156194,-5233.963259724035,4824.373739108416
1645,-400.3435203251731,-5436.92045150685,5036.5769311816775
1646,-308.2329372178938,-5137.708402908278,4829.475465690384
1647,-313.043104579169,-5444.396312598097,5131.353208018928
1648,-362.80692036342975,-5197.608065426556,4834.801145063127
1649,-293.43659679937844,-5347.705016572673,5054.268419773295
1650,-336.01454940227285,-5591.23155388879,5255.217004486517
1651,-312.74326254721177,-5175.470747083523,4862.727484536311
1652,-424.9354858458124,-5596.579401191656,5171.643915345843
1653,-343.05066820382245,-5057.126947546493,4714.076279342671
1654,-258.3027039199357,-5199.451437728158,4941.1487338082225
1655,-370.6269070410722,-5341.95975630681,4971.332849265738
1656,-274.98105258784636,-5264.168285069143,4989.187232481297
1657,-300.0687483189269,-5013.295400998892,4713.226652679965
1658,-334.65848618401736,-5230.402823029265,4895.744336845248
1659,-274.7192574295883,-4772.599709866492,4497.880452436903
1660,-433.99262032934394,-5021.291371969452,4587.298751640108
1661,-436.13007706994745,-5198.1121664486855,4761.982089378738
1662,-320.9741805346776,-5352.823225780187,5031.84904524551
1663,-318.6471992098779,-5089.148815448028,4770.50161623815
1664,-343.5363788851619,-5152.875199437765,4809.3388205526035
1665,-369.01584899337087,-5365.061338267009,4996.045489273638
1666,-439.41675094799564,-5180.433782174345,4741.017031226349
1667,-251.6886132886888,-5205.361758431665,4953.673145142977
1668,-255.13263704232563,-5107.347245570474,4852.214608528148
1669,-410.02582022482665,-5326.4987985060525,4916.472978281226
1670,-431.588618682194,-5422.039819903795,4990.451201221602
1671,-350.42226556798835,-4910.947333726486,4560.525068158498
1672,-330.9878795756512,-5474.13588183984,5143.148002264189
1673,-316.31800983777566,-5099.249027482257,4782.9310176444815
1674,-276.6634921846495,-4976.506548053468,4699.843055868818
1675,-232.9574294588141,-5277.894456139935,5044.937026681121
1676,-367.53387262049455,-5593.048653044819,5225.514780424324
1677,-361.92466779311286,-5223.091061805632,4861.166394012519
1678,-249.72207671185015,-5114.441759631911,4864.71968292006
1679,-407.44857521722105,-5043.532257588393,4636.083682371172
1680,-277.07286238957283,-5432.089951373429,5155.017088983856
1681,-286.27895725423207,-5220.809167786816,4934.530210532584
1682,-346.22534760525417,-5341.541211443618,4995.315863838364
1683,-345.0651434193198,-5393.924314007113,5048.859170587793
1684,-392.36864311504337,-5286.63041660158,4894.261773486536
1685,-321.37548712966566,-5508.835463959649,5187.459976829983
1686,-356.65764783818645,-5156.248674241916,4799.591026403729
1687,-290.34140690468286,-5294.650159131385,5004.308752226702
1688,-245.57408678213085,-5175.046102493268,4929.472015711138
1689,-237.24727464909301,-4826.325104232725,4589.077829583632
1690,-453.0439786858564,-5300.845752367222,4847.801773681366
1691,-339.2178993447438,-5223.771863764082,4884.553964419338
1692,-265.07505225810144,-4998.361545894964,4733.286493636863
1693,-333.44377791031667,-5411.213402589507,5077.76962467919
1694,-399.48385410117174,-5261.413210170991,4861.92935606982
1695,-331.4995384854809,-5308.425077099152,4976.925538613671
1696,-272.06828851709156,-5100.436376010134,4828.368087493042
1697,-269.08685964291266,-5177.551067975385,4908.4642083324725
1698,-418.38010000189445,-5340.204147575651,4921.824047573757
1699,-405.0556845752023,-4906.758144055759,4501.702459480556
1700,-291.68434800528377,-5029.839821946325,4738.155473941041
1701,-479.2512715246138,-5211.410738755707,4732.159467231093
1702,-354.8251851357899,-5366.321574615629,5011.496389479839
1703,-313.2415168178184,-5042.164393173587,4728.9228763557685
1704,-467.16293647900903,-5480.690726203357,5013.527789724349
1705,-272.3982370020661,-5548.816873235078,5276.418636233012
1706,-465.1124992227208,-5487.646896756848,5022.5343975341275
1707,-414.23934634009754,-5281.829726754126,4867.590380414028
1708,-359.5435008563144,-5245.457497231691,4885.913996375377
1709,-489.0869754708312,-5341.774358828677,4852.687383357846
1710,-274.8404422704497,-5386.217458733249,5111.3770164627995
1711,-301.4846835437628,-5320.422881725625,5018.938198181862
1712,-311.18067087277717,-5231.876206883306,4920.6955360105285
1713,-357.3476188923886,-5140.487839845067,4783.140220952679
1714,-413.99275890440214,-5437.819168809148,5023.8264099047465
1715,-350.09286591727727,-5258.301564296138,4908.208698378861
1716,-373.4862150660107,-5474.574453038917,5101.088237972906
1717,-369.83575908511506,-4872.640884097609,4502.8051250124945
1718,-323.6956378214663,-4991.85718829079,4668.161550469324
1719,-390.6101106841612,-5032.707150286168,4642.097039602007
1720,-356.50873203796965,-5315.261067167564,4958.752335129594
1721,-420.9691138077673,-5235.758785233387,4814.78967142562
1722,-336.72946841353127,-5210.644517465223,4873.915049051691
1723,-307.5310585463273,-4778.644295944619,4471.113237398292
1724,-341.63660539758916,-5454.182532126997,5112.545926729408
1725,-359.2066000679292,-5357.367713463168,4998.161113395239
1726,-349.63413787977197,-5074.8522068266975,4725.218068946926
1727,-239.7095470134322,-5116.730487019324,4877.020940005892
1728,-330.2153301110451,-5182.714646593399,4852.4993164823545
1729,-308.02433216296913,-5417.032759694043,5109.008427531075
1730,-347.9588053056067,-4758.405754012465,4410.446948706858
1731,-399.24168849061937,-5231.265767842227,4832.024079351608
1732,-344.2321367969634,-5157.961129964033,4813.728993167069
1733,-320.16193544718425,-5133.432728846592,4813.270793399408
1734,-393.38418011580916,-5304.771740668591,4911.387560552781
1735,-290.2730769736994,-5347.806591542609,5057.53351456891
1736,-364.4030819278535,-5372.421746754057,5008.018664826203
1737,-382.47914608586393,-5255.771936555879,4873.292790470015
1738,-433.02591002070767,-5185.113472119548,4752.08756209884
1739,-316.0591333885514,-5068.668291202118,4752.6091578135665
1740,-358.79789522733506,-5047.242904200294,4688.445008972959
1741,-254.83015314935028,-4980.276722961996,4725.446569812646
1742,-366.5016679327213,-5102.266658642274,4735.764990709553
1743,-266.4200829837645,-4989.890526164297,4723.470443180532
1744,-398.65224531306654,-5409.025051921544,5010.372806608478
1745,-456.15610981430905,-5476.845242518446,5020.689132704137
1746,-338.19371244308763,-4967.379961552398,4629.18624910931
1747,-353.27278336886,-5244.215046173628,4890.942262804769
1748,-397.2295542125375,-5490.24895655421,5093.0194023416725
1749,-334.7107344223122,-5213.692354754503,4878.981620332191
1750,-421.56214597118293,-5376.304706768521,4954.742560797338
1751,-333.91781428979306,-5308.9120993673505,4974.994285077558
1752,-347.27927937527073,-5043.795942964597,4696.5166635893265
1753,-243.29480063994572,-5357.811326047949,5114.516525408003
1754,-246.63827594864696,-5402.5491071593615,5155.910831210715
1755,-347.5040748012184,-5142.440455346115,4794.9363805448975
1756,-320.6827719372389,-5267.915181670219,4947.23240973298
1757,-331.1239353029324,-5212.535987205849,4881.412051902917
1758,-190.67807912058382,-5098.341187422136,4907.663108301552
1759,-328.3105150550775,-5105.630895472193,4777.320380417115
1760,-348.8187228129993,-5320.726167929216,4971.907445116217
1761,-352.93963958268046,-5191.382778196386,4838.443138613706
1762,-353.9336321735553,-5433.91170818027,5079.978076006714
1763,-373.7934828502341,-4858.922475800139,4485.128992949905
1764,-425.1959722479675,-5226.776005253901,4801.580033005933
1765,-289.43821468731306,-5557.19794182369,5267.759727136377
1766,-287.23220524349074,-5231.093980561497,4943.861775318006
1767,-297.5591595364328,-5433.1325619958025,5135.573402459369
1768,-367.2907622655515,-5197.9009548490285,4830.610192583477
1769,-277.6063816762217,-5025.30832846285,4747.7019467866285
1770,-405.0088291242845,-5030.147751793202,4625.138922668917
1771,-283.61481033498774,-4976.496517352241,4692.881707017254
1772,-291.71916202398893,-5194.777203989634,4903.058041965644
1773,-339.280580291154,-5170.926674330347,4831.646094039193
1774,-386.6456980816625,-5204.366325916949,4817.720627835286
1775,-287.98746194878754,-5346.447469530562,5058.460007581774
1776,-300.591023501771,-5109.727891033541,4809.13686753177
1777,-506.0233554213218,-5442.662544921017,4936.639189499695
1778,-333.64439346262225,-5197.536942189191,4863.892548726569
1779,-343.94724009048804,-5060.124700536787,4716.177460446299
1780,-286.2037152155861,-5308.026932209422,5021.823216993836
1781,-375.45212131917583,-5117.596051551915,4742.143930232739
1782,-394.3398606763193,-5324.08630029711,4929.746439620791
1783,-357.4789502987713,-5587.42170157646,5229.942751277688
1784,-359.29854887189606,-5448.813390692806,5089.51484182091
1785,-348.92045606148565,-5392.276451160537,5043.355995099052
1786,-326.7101631407546,-5439.391788788792,5112.681625648037
1787,-289.68391718193965,-5033.217212912893,4743.533295730954
1788,-447.0189789464614,-5151.2139146698,4704.194935723339
1789,-448.1131943499108,-5478.722882379595,5030.609688029685
1790,-429.3809752101563,-5476.920872574393,5047.539897364237
1791,-395.1761350136722,-5153.592044456301,4758.415909442629
1792,-404.55023133024696,-5182.818430718171,4778.268199387924
1793,-310.61359356807776,-5363.11283305623,5052.499239488152
1794,-349.89262190590046,-5361.104114623133,5011.211492717232
1795,-413.3701006667177,-5520.241570735943,5106.871470069225
1796,-354.3712731172756,-5171.959636881915,4817.588363764639
1797,-282.07340464544893,-5224.177013282639,4942.10360863719
1798,-332.4859179934195,-5112.7267663808,4780.2408483873805
1799,-439.1979041245596,-5288.381614866795,4849.183710742235
1800,-251.02868513604238,-5213.526854667656,4962.498169531614
1801,-313.59057110088526,-5181.516643741342,4867.926072640456
1802,-294.2703645315125,-5013.972976655605,4719.702612124092
1803,-479.48146092116787,-5363.717580524108,4884.23611960294
1804,-287.29118214922204,-5236.079565024498,4948.7883828752765
1805,-422.5882657867944,-5267.5430646631585,4844.954798876364
1806,-352.5035483409212,-5423.805301436062,5071.301753095141
1807,-354.6552279191872,-5361.082169248048,5006.42694132886
1808,-296.9345362214069,-5464.848158098939,5167.913621877532
1809,-269.4350443594582,-5150.905810895074,4881.470766535615
1810,-308.6782159553044,-5325.4489557979805,5016.770739842676
1811,-245.73949252054095,-5104.091823356063,4858.3523308355225
1812,-418.9629631607365,-5296.419487472324,4877.456524311588
1813,-321.8042650902342,-5024.902794617101,4703.0985295268665
1814,-322.21275977365997,-5263.827655411468,4941.614895637808
1815,-407.55961301843416,-5276.11102415429,4868.551411135856
1816,-336.78259988724136,-5731.810248342662,5395.027648455421
1817,-282.3970510503983,-5256.857217767746,4974.460166717347
1818,-456.97314094598664,-5648.255312390586,5191.2821714446
1819,-304.4370593352209,-5296.094994066801,4991.65793473158
1820,-388.14904550393453,-4991.858887267251,4603.709841763316
1821,-426.0377566896238,-5347.577200139805,4921.539443450181
1822,-384.3866106895637,-5385.28484323867,5000.898232549106
1823,-303.5689043601088,-5048.041944975161,4744.473040615052
1824,-401.3649967413479,-5228.153786933413,4826.788790192066
1825,-443.35991480003173,-4940.5660345982105,4497.206119798178
1826,-286.8566852874511,-5201.314424163897,4914.457738876446
1827,-272.51455010721963,-5166.665806456002,4894.151256348783
1828,-344.87139306493617,-5309.580167061619,4964.708773996683
1829,-405.9494184292011,-5460.9671764034065,5055.017757974206
1830,-360.60472799889556,-5019.358805840643,4658.754077841748
1831,-370.46794970786385,-5197.484654922577,4827.016705214713
1832,-324.6133579964889,-5439.880279399339,5115.26692140285
1833,-329.23131778221943,-5308.575464067989,4979.344146285769
1834,-330.4936175657766,-4985.801229934386,4655.30761236861
1835,-303.08425712199175,-5010.457838699927,4707.3735815779355
1836,-435.932964140281,-5477.078525016394,5041.145560876113
1837,-346.7186744865801,-5090.397130404053,4743.678455917473
1838,-363.1459015208482,-5157.453284489434,4794.307382968585
1839,-350.5176361575538,-5307.584948951923,4957.067312794369
1840,-288.89317332242973,-5078.73049954693,4789.8373262245
1841,-315.627038776844,-5057.046760214414,4741.41972143757
1842,-365.89867797147554,-5261.8099926818695,4895.911314710394
1843,-458.91561400765517,-5282.571199954104,4823.655585946449
1844,-324.23046089906353,-4974.5477610259795,4650.317300126916
1845,-376.10545835542035,-5251.809639868762,4875.704181513342
1846,-237.8585289731169,-5627.326323717368,5389.467794744251
1847,-382.36580864448746,-5417.114164633878,5034.748355989391
1848,-297.6664025131091,-5380.087847448449,5082.421444935339
1849,-394.2775187586988,-5378.554881255368,4984.277362496669
1850,-349.01924158518466,-5129.6612042112965,4780.641962626112
1851,-287.78496023360236,-5268.141353812043,4980.3563935784405
1852,-280.13739372736046,-5245.920288682135,4965.782894954775
1853,-462.74746126966545,-5168.940292689111,4706.192831419446
1854,-347.4928193541167,-5290.86787902613,4943.375059672014
1855,-331.2886057945464,-4927.5161108200755,4596.227505025529
1856,-421.1391623255445,-4914.345533543032,4493.206371217488
1857,-312.85422109283456,-5192.5365511971895,4879.682330104355
1858,-330.04540087342315,-5211.381760102598,4881.336359229174
1859,-401.11729516228996,-5153.501655921461,4752.384360759171
1860,-292.14846025104526,-5542.2622082653625,5250.113748014317
1861,-341.3187975780988,-5415.301579938589,5073.982782360491
1862,-313.88308630482226,-5242.6626348388,4928.7795485339775
1863,-376.89703557327294,-5478.8019553419435,5101.904919768671
1864,-302.6418947654742,-5306.96640185577,5004.324507090296
1865,-372.57550550047324,-5081.3787160501215,4708.803210549649
1866,-372.18498836205373,-4901.782706846272,4529.597718484219
1867,-276.04695521638166,-5127.630083354692,4851.583128138311
1868,-382.6719766851879,-5197.917062824859,4815.245086139672
1869,-345.17060026932506,-5211.902120156411,4866.731519887086
1870,-344.6399296694931,-5440.479193513076,5095.8392638435835
1871,-416.0493099847555,-4995.2122394917615,4579.162929507006
1872,-338.2746049736833,-5308.170641535491,4969.896036561808
1873,-371.93874797762066,-5073.188849798589,4701.250101820969
1874,-256.75648708274986,-4899.027446096973,4642.270959014223
1875,-307.29510293952507,-5468.673478019382,5161.378375079857
1876,-354.6608633284056,-5533.489513772684,5178.8286504442785
1877,-284.5649387896787,-5341.552080843223,5056.987142053545
1878,-341.17548818098396,-5140.441430988538,4799.265942807554
1879,-328.080777279723,-4936.19013055155,4608.109353271827
1880,-310.9720438585227,-5223.542477894731,4912.570434036208
1881,-377.1863679228358,-5131.355213675495,4754.16884575266
1882,-403.81586642518624,-5411.196541460874,5007.380675035688
1883,-435.71415784148616,-5521.153089461605,5085.43893162012
1884,-413.28201993123236,-5447.597472959649,5034.315453028416
1885,-270.3860767382608,-5203.652368912587,4933.266292174326
1886,-351.7587284012505,-5477.056711302724,5125.297982901473
1887,-344.84888921825063,-4882.90592436114,4538.05703514289
1888,-332.16086761641856,-5535.35940158567,5203.198533969251
1889,-413.5994408030626,-5338.4104595511935,4924.811018748131
1890,-364.4693215566773,-4996.979741455382,4632.510419898705
1891,-330.1547630919649,-5371.211122177152,5041.056359085187
1892,-303.618608479721,-4919.947066602786,4616.3284581230655
1893,-384.5193242235438,-5195.553907257126,4811.034583033583
1894,-286.25318899633925,-4820.2193831604445,4533.966194164105
1895,-338.03006030087306,-5144.079269991329,4806.049209690456
1896,-325.11457123908446,-5277.296265736354,4952.18169449727
1897,-437.7895419884037,-5311.044290726589,4873.254748738185
1898,-297.493056399955,-5232.406306972746,4934.913250572791
1899,-292.01400234392264,-5443.156325797256,5151.142323453333
1900,-400.3655031688587,-5028.12760022488,4627.762097056021
1901,-388.2443008804453,-5263.6477644237275,4875.403463543282
1902,-308.59002489833875,-5050.937482641813,4742.3474577434745
1903,-359.48994568732286,-5530.989276268699,5171.499330581376
1904,-425.1567590690498,-5396.561685051475,4971.404925982425
1905,-381.65695005800654,-5335.943530692754,4954.286580634748
1906,-409.61002267983315,-4875.7461747677535,4466.13615208792
1907,-306.04042272323954,-5391.163423919659,5085.12300119642
1908,-260.170241443177,-5276.22595394001,5016.055712496833
1909,-361.7241108827302,-5173.372258349068,4811.648147466338
1910,-367.13782999530014,-5109.4011148146865,4742.263284819386
1911,-361.0637917659696,-5274.2797073458005,4913.215915579831
1912,-280.92748423851015,-5278.358231222971,4997.430746984461
1913,-354.4449556202144,-5399.361610831218,5044.916655211004
1914,-462.6547786585939,-5279.634146540208,4816.979367881614
1915,-307.4943851673192,-5078.282490709246,4770.7881055419275
1916,-340.99766448010274,-5002.512416913154,4661.514752433051
1917,-334.5524738970303,-5054.051460556346,4719.498986659315
1918,-265.6197607931363,-5118.104503862777,4852.484743069641
1919,-382.97507734364297,-5047.28091252081,4664.305835177167
1920,-323.7709709005304,-5101.239935991077,4777.468965090547
1921,-328.94030894546154,-5093.436331700679,4764.496022755217
1922,-354.802770289298,-5392.63525102027,5037.832480730972
1923,-335.7196915161698,-5220.51584719444,4884.79615567827
1924,-399.9389758011489,-5388.809162626048,4988.870186824899
1925,-403.3390712306509,-5093.300706505011,4689.96163527436
1926,-384.04222596536914,-5146.747248766553,4762.705022801184
1927,-338.0555577821431,-5088.83108094447,4750.775523162327
1928,-348.78737883365903,-5481.675802910493,5132.888424076834
1929,-358.2464489355566,-5406.320314902054,5048.073865966497
1930,-347.7274957507475,-5095.986664799829,4748.259169049081
1931,-312.14013104395116,-5238.127674423132,4925.98754337918
1932,-389.2073818802585,-5264.179827413382,4874.972445533123
1933,-374.0710447516349,-5130.178824496839,4756.107779745204
1934,-302.5756163686461,-5027.477630984062,4724.902014615415
1935,-376.93947385375,-5347.53251444703,4970.5930405932795
1936,-338.18564972881376,-5343.052695730744,5004.86704600193
1937,-239.68110199647717,-5341.644328571401,5101.963226574924
1938,-270.76935726870283,-5314.865032382572,5044.095675113869
1939,-333.8699090109798,-5232.9247030585175,4899.054794047538
1940,-322.976499546792,-5436.464046102808,5113.487546556016
1941,-301.5209544701665,-5228.416012478376,4926.895058008209
1942,-366.10842158406376,-5132.33890646433,4766.230484880266
1943,-423.59472946205767,-5400.3600715901375,4976.76534212808
1944,-280.22735308103404,-5101.1620383559075,4820.934685274873
1945,-373.37582707790585,-5022.0851149191585,4648.709287841252
1946,-252.50354273058645,-5379.8210855022535,5127.317542771667
1947,-342.71131630092844,-5282.907678079103,4940.196361778175
1948,-297.02295510351007,-5171.756634377818,4874.733679274308
1949,-442.2160836457243,-5353.683466004775,4911.467382359051
1950,-435.3020335007621,-5331.476622673483,4896.1745891727205
1951,-381.41367471313106,-5281.14406556294,4899.730390849809
1952,-384.5091693686055,-5195.407190158777,4810.898020790171
1953,-277.9104907587646,-5144.241055263967,4866.330564505202
1954,-268.2969081505409,-5168.201222943835,4899.904314793294
1955,-267.5476693406989,-5173.610764727673,4906.063095386974
1956,-300.5923958192326,-5258.372120750123,4957.779724930891
1957,-299.3190475437113,-5205.486662092289,4906.167614548578
1958,-314.0351769563889,-5100.158578440732,4786.123401484343
1959,-389.7608994571661,-5129.674117251673,4739.913217794507
1960,-447.86468801397194,-5208.8741613839,4761.009473369928
1961,-444.67599352171345,-5164.717090941636,4720.041097419923
1962,-358.11304088690576,-5056.295983415357,4698.182942528451
1963,-302.4067655901357,-5052.355524886368,4749.948759296232
1964,-349.4462955664449,-5047.052428204208,4697.606132637763
1965,-313.21393888498187,-5193.536975247833,4880.323036362851
1966,-373.74299809631555,-5358.651339352546,4984.90834125623
1967,-295.1160571668652,-5037.533552925512,4742.4174957586465
1968,-315.62802747912986,-5213.374240487022,4897.746213007892
1969,-237.04391515003246,-5286.447516770723,5049.403601620691
1970,-398.849800476174,-5052.616097350322,4653.766296874148
1971,-344.55836249848295,-5005.346354217604,4660.787991719121
1972,-464.23161080357664,-5101.120298372016,4636.888687568439
1973,-355.58380705084716,-5091.675351571911,4736.091544521064
1974,-270.6903368311007,-5376.639542101688,5105.949205270587
1975,-401.0428999355359,-5276.148000781278,4875.105100845742
1976,-356.78306059774053,-5106.326320685256,4749.543260087516
1977,-208.6058146814495,-4841.34242677209,4632.736612090641
1978,-205.38480052474202,-5307.547496874062,5102.16269634932
1979,-318.68611282044276,-5246.711070199646,4928.024957379203
1980,-369.6079194892317,-5248.62123367752,4879.013314188288
1981,-350.60021474512394,-5075.675984582468,4725.0757698373445
1982,-428.30757245883865,-5184.940041612494,4756.632469153655
1983,-354.84824596799575,-5090.3608162896035,4735.512570321608
1984,-303.51111030949266,-5326.808592558578,5023.297482249086
1985,-295.5607263278447,-5367.080146291631,5071.519419963786
1986,-358.51661956343105,-5194.128994049041,4835.6123744856095
1987,-309.53333604897784,-5152.389177887191,4842.855841838214
1988,-416.8127444067325,-5554.524564913032,5137.7118205063
1989,-437.776281919057,-5228.2216155789965,4790.44533365994
1990,-278.57622320849987,-5150.857939609111,4872.281716400611
1991,-314.19616985283767,-4957.941680216017,4643.745510363179
1992,-247.0307839818715,-5023.22738506905,4776.196601087178
1993,-280.3829354081219,-5245.969758541988,4965.586823133866
1994,-455.4714518588471,-5322.548031832283,4867.076579973436
1995,-377.30097385862763,-5322.051665245785,4944.7506913871575
1996,-232.39261828453112,-5030.8784433394185,4798.485825054888
1997,-339.83527172822386,-5134.875296505565,4795.0400247773405
1998,-324.36558510572166,-5204.043720435968,4879.678135330246
1999,-336.7003705920897,-4969.2491781234585,4632.548807531369
